Season,Day,Month,Date,0:00,0:30,1:00,1:30,2:00,2:30,3:00,3:30,4:00,4:30,5:00,5:30,6:00,6:30,7:00,7:30,8:00,8:30,9:00,9:30,10:00,10:30,11:00,11:30,12:00,12:30,13:00,13:30,14:00,14:30,15:00,15:30,16:00,16:30,17:00,17:30,18:00,18:30,19:00,19:30,20:00,20:30,21:00,21:30,22:00,22:30,23:00,23:30
Winter,Friday,January,1,9,9,9,9,1,1,1,1,1,1,1,1,1,1,1,1,1,1,2,2,13,14,17,17,19,19,6,6,6,6,6,6,6,6,6,6,17,17,10,10,6,6,6,6,10,10,17,17
Winter,Saturday,January,2,1,1,1,1,1,1,1,1,1,1,1,1,1,1,1,1,2,2,14,14,10,10,6,6,6,6,6,6,13.1,13.1,6,6,3,3,6,6,22,22,18,18,7,7,12,12,9,9,12,12
Winter,Sunday,January,3,1,1,1,1,1,1,1,1,1,1,1,1,1,1,1,1,2,2,13,14,16,16,3,3,3,3,11,11,11,11,11,11,16,16,17,17,13,13,10,10,17,17,7,7,13.1,13.1,19,19
Winter,Monday,January,4,10,10,1,1,1,1,1,1,1,1,1,1,1,1,1,1,2,2,14,14,17,17,14,14,10,10,17,17,20,20,10,10,19,19,6,6,13,13,10,10,12,12,10,10,10,10,6,6
Winter,Tuesday,January,5,6,6,1,1,1,1,1,1,1,1,1,1,1,1,1,1,1,1,13,14,22,22,10,10,6,6,17,17,6,6,6,6,6,6,6,6,18,18,10,10,19,19,17,17,8,8,19,19
Winter,Wednesday,January,6,1,1,1,1,1,1,1,1,1,1,1,1,1,1,1,1,2,2,3,3,3,3,16,16,16,16,20,20,24,24,24,24,14,14,7,7,12,12,10,10,17,17,12,12,10,10,10,10
Winter,Thursday,January,7,12,12,12,12,1,1,1,1,1,1,1,1,1,1,1,1,1,1,13,14,22,22,17,17,14,14,6,6,17,17,6,6,17,17,6,6,13,13,10,10,6,6,10,10,12,12,10,10
Winter,Friday,January,8,1,1,1,1,1,1,1,1,1,1,1,1,1,1,1,1,2,2,3,3,6,6,14,14,10,10,15,15,15,15,6,6,6,6,13,13,6,6,10,10,12,12,15,15,7,7,15,15
Winter,Saturday,January,9,1,1,1,1,1,1,1,1,1,1,1,1,1,1,1,1,2,2,3,3,13,14,17,17,10,10,17,17,13.1,13.1,6,6,6,6,6,6,6,6,6,6,17,17,9,9,12,12,12,12
Winter,Sunday,January,10,12,12,15,15,1,1,1,1,1,1,1,1,1,1,1,1,2,2,13,13,16,16,3,3,3,3,19,19,18,18,20,20,17,17,6,6,6,6,14,14,14,14,10,10,12,12,17,17
Winter,Monday,January,11,15,15,1,1,1,1,1,1,1,1,1,1,1,1,1,1,2,2,13,13,17,17,14,14,14,14,20,20,17,17,20,20,15,15,17,17,6,6,10,10,6,6,10,10,12,12,6,6
Winter,Tuesday,January,12,15,15,1,1,1,1,1,1,1,1,1,1,1,1,1,1,2,2,3,3,14,14,19,19,10,10,20,20,17,17,10,10,15,15,15,15,6,6,24,24,17,17,10,10,6,6,6,6
Winter,Wednesday,January,13,1,1,1,1,1,1,1,1,1,1,1,1,1,1,1,1,1,1,3,3,22,22,14,14,17,17,10,10,13.1,13.1,6,6,6,6,6,6,17,17,10,10,6,6,10,10,6,6,6,6
Winter,Thursday,January,14,12,12,17,17,1,1,1,1,1,1,1,1,1,1,1,1,2,2,14,14,13,13,17,17,6,6,10,10,10,10,17,17,20,20,5,5,7,7,5,5,17,17,10,10,17,17,10,10
Winter,Friday,January,15,1,1,1,1,1,1,1,1,1,1,1,1,1,1,1,1,2,2,3,3,22,22,14,14,17,17,10,10,5,5,6,6,10,10,2,2,6,6,20,20,7,7,6,6,6,6,17,17
Winter,Saturday,January,16,15,15,1,1,1,1,1,1,1,1,1,1,1,1,1,1,1,1,3,3,13,13,14,14,14,14,6,6,6,6,6,6,10,10,15,15,20,20,13.1,13.1,10,10,22,22,9,9,12,12
Winter,Sunday,January,17,12,12,19,19,1,1,1,1,1,1,1,1,1,1,1,1,2,2,13,13,14,14,19,19,10,10,17,17,15,15,15,15,6,6,10,10,7,7,17,17,10,10,10,10,12,12,22,22
Winter,Monday,January,18,10,10,1,1,1,1,1,1,1,1,1,1,1,1,1,1,2,2,14,14,17,17,15,15,10,10,21,21,19,19,6,6,10,10,6,6,24,24,13.1,13.1,24,24,10,10,18,18,10,10
Winter,Tuesday,January,19,6,6,19,19,1,1,1,1,1,1,1,1,1,1,1,1,2,2,22,22,10,10,14,14,13,13,14,14,17,17,6,6,6,6,21,21,20,20,20,20,13.1,13.1,17,17,12,12,12,12
Winter,Wednesday,January,20,18,18,10,10,1,1,1,1,1,1,1,1,1,1,1,1,2,2,13,14,13.1,13.1,2,2,10,10,6,6,6,6,6,6,10,10,6,6,12,12,13.1,13.1,10,10,17,17,12,12,19,19
Winter,Thursday,January,21,22,22,10,10,1,1,1,1,1,1,1,1,1,1,1,1,2,2,16,16,23,23,13,13,14,14,10,10,19,19,17,17,19,19,12,12,13.1,13.1,13,13,10,10,12,12,9,9,9,9
Winter,Friday,January,22,12,12,12,12,1,1,1,1,1,1,1,1,1,1,1,1,2,2,13,13,22,22,17,17,14,14,6,6,6,6,13.1,13.1,19,19,19,19,13.1,13.1,20,20,17,17,19,19,19,19,10,10
Winter,Saturday,January,23,19,19,1,1,1,1,1,1,1,1,1,1,1,1,1,1,1,1,2,2,13,13,14,14,14,14,25,25,10,10,13.1,13.1,17,17,10,10,20,20,13,13,19,19,10,10,10,10,17,17
Winter,Sunday,January,24,1,1,1,1,1,1,1,1,1,1,1,1,1,1,1,1,2,2,22,22,14,14,10,10,10,10,13,13,5,5,5,5,17,17,5,5,5,5,13.1,13.1,19,19,19,19,12,12,12,12
Winter,Monday,January,25,12,12,1,1,1,1,1,1,1,1,1,1,1,1,1,1,2,2,13,13,14,14,19,19,19,19,10,10,20,20,18,18,5,5,5,5,21,21,13.1,13.1,10,10,10,10,13.1,13.1,5,5
Winter,Tuesday,January,26,17,17,1,1,1,1,1,1,1,1,1,1,2,2,1,1,1,1,13,13,14,14,17,17,5,5,5,5,20,20,17,17,5,5,10,10,21,21,14,14,10,10,17,17,5,5,12,12
Winter,Wednesday,January,27,10,10,1,1,1,1,1,1,1,1,1,1,1,1,1,1,2,2,13,13,14,14,10,10,17,17,20,20,25,25,16,16,13.1,13.1,13.1,13.1,17,17,10,10,10,10,10,10,17,17,1,1
Winter,Thursday,January,28,1,1,1,1,1,1,10,10,1,1,1,1,1,1,1,1,2,2,3,3,22,22,14,14,3.1,3.1,10,10,3.1,3.1,10,10,17,17,3.1,3.1,17,17,13.1,13.1,10,10,17,17,13.1,13.1,17,17
Winter,Friday,January,29,1,1,1,1,1,1,1,1,1,1,1,1,25,25,1,1,2,2,13,13,17,17,14,14,25,25,2,2,10,10,6,6,10,10,6,6,6,6,10,10,3.1,3.1,3.1,3.1,3.1,3.1,10,10
Winter,Saturday,January,30,1,1,1,1,1,1,1,1,1,1,1,1,1,1,1,1,1,1,19,19,13,14,19,19,19,19,10,10,13.1,13.1,17,17,6,6,25,25,20,20,13.1,13.1,17,17,10,10,10,10,17,17
Winter,Sunday,January,31,1,1,1,1,1,1,1,1,1,1,1,1,1,1,1,1,2,2,13,14,10,10,6,6,10,10,6,6,6,6,6,6,6,6,6,6,6,6,6,6,13.1,13.1,14,14,10,10,5,5
Winter,Monday,February,1,18,18,1,1,1,1,1,1,1,1,1,1,1,1,1,1,2,2,13,13,14,14,3,3,3.1,3.1,3.1,3.1,20,20,3.1,3.1,3.1,3.1,3.1,3.1,3.1,3.1,13.1,13.1,3.1,3.1,10,10,3.1,3.1,3.1,3.1
Winter,Tuesday,February,2,10,10,1,1,1,1,1,1,1,1,1,1,1,1,2,2,13,13,16,16,23,23,3,3,3,3,3,3,10,10,17,17,20,20,3.1,3.1,3.1,3.1,13.1,13.1,10,10,12,12,10,10,3.1,3.1
Winter,Wednesday,February,3,10,10,1,1,1,1,1,1,1,1,1,1,1,1,2,2,13,13,3,3,3,3,10,10,3,3,3,3,20,20,25,25,17,17,3.1,3.1,3.1,3.1,13.1,13.1,10,10,10,10,12,12,12,12
Winter,Thursday,February,4,10,10,1,1,1,1,1,1,10,10,1,1,1,1,1,1,2,2,3,3,13,14,10,10,3,3,3,3,13.1,13.1,20,20,13.1,13.1,3.1,3.1,17,17,13.1,13.1,10,10,10,10,17,17,3.1,3.1
Winter,Friday,February,5,1,1,1,1,1,1,1,1,1,1,1,1,1,1,2,2,14,14,13,13,25,25,3,3,17,17,3,3,20,20,20,20,13.1,13.1,25,25,13.1,13.1,10,10,10,10,12,12,12,12,12,12
Winter,Saturday,February,6,10,10,1,1,1,1,1,1,1,1,1,1,1,1,1,1,2,2,10,10,13,13,14,14,17,17,10,10,3.1,3.1,3.1,3.1,10,10,3.1,3.1,3.1,3.1,13.1,13.1,10,10,18,18,3.1,3.1,10,10
Winter,Sunday,February,7,1,1,1,1,1,1,1,1,1,1,1,1,1,1,1,1,2,2,3,3,14,14,13.1,13.1,25,25,20,20,16,16,16,16,16,16,13.1,13.1,20,20,13.1,13.1,10,10,10,10,10,10,22,22
Winter,Monday,February,8,17,17,1,1,1,1,1,1,1,1,1,1,1,1,1,1,2,2,13,13,14,14,3,3,25,25,10,10,17,17,3.1,3.1,3.1,3.1,20,20,3.1,3.1,13.1,13.1,13.1,13.1,17,17,12,12,3.1,3.1
Winter,Tuesday,February,9,1,1,1,1,1,1,1,1,1,1,1,1,1,1,2,2,5,5,3,3,13,14,3,3,3,3,3,3,13,13,13.1,13.1,19,19,17,17,3.1,3.1,3.1,3.1,13.1,13.1,10,10,12,12,12,12
Winter,Wednesday,February,10,3.1,3.1,1,1,1,1,1,1,1,1,1,1,1,1,2,2,25,25,3,3,3,3,17,17,3,3,3,3,20,20,13,13,13.1,13.1,3.1,3.1,18,18,3.1,3.1,13.1,13.1,10,10,3.1,3.1,12,12
Winter,Thursday,February,11,12,12,3.1,3.1,1,1,1,1,1,1,1,1,1,1,2,2,14,14,3,3,10,10,17,17,3.1,3.1,3,3,20,20,14,14,25,25,17,17,10,10,13.1,13.1,20,20,12,12,12,12,3.1,3.1
Winter,Friday,February,12,3.1,3.1,18,18,1,1,1,1,1,1,1,1,1,1,1,1,2,2,13,13,14,14,3,3,10,10,3,3,14,14,20,20,13.1,13.1,12,12,25,25,20,20,13.1,13.1,3.1,3.1,9,9,12,12
Winter,Saturday,February,13,12,12,18,18,1,1,1,1,1,1,1,1,1,1,1,1,2,2,13,13,14,14,10,10,3.1,3.1,3.1,3.1,7,7,20,20,16,16,16,16,24,24,24,24,5,5,5,5,10,10,5,5
Winter,Sunday,February,14,12,12,1,1,1,1,1,1,1,1,1,1,1,1,2,2,5,5,4,4,13,14,25,25,25,25,3,3,14,14,13,13,17,17,10,10,3.1,3.1,13.1,13.1,20,20,13.1,13.1,3.1,3.1,7,7
Winter,Monday,February,15,18,18,1,1,1,1,1,1,1,1,1,1,1,1,1,1,2,2,13,14,25,25,3,3,19,19,10,10,12,12,10,10,20,20,14,14,13.1,13.1,17,17,19,19,3.1,3.1,3.1,3.1,18,18
Winter,Tuesday,February,16,12,12,12,12,1,1,1,1,1,1,1,1,1,1,1,1,2,2,3,3,3,3,3,3,13,14,10,10,17,17,3,3,13,13,25,25,13.1,13.1,5,5,13,13,12,12,5,5,17,17
Winter,Wednesday,February,17,10,10,1,1,1,1,1,1,1,1,1,1,1,1,1,1,2,2,3,3,3,3,10,10,3,3,13,13,13.1,13.1,17,17,19,19,5,5,5,5,13.1,13.1,5,5,5,5,5,5,12,12
Winter,Thursday,February,18,5,5,1,1,1,1,1,1,1,1,1,1,1,1,5,5,5,5,4,4,13,14,17,17,3,3,3,3,3,3,25,25,25,25,5,5,5,5,13.1,13.1,5,5,5,5,7,7,5,5
Winter,Friday,February,19,17,17,1,1,1,1,1,1,1,1,1,1,2,2,5,5,5,5,13,14,5,5,4,4,10,10,12,12,13,13,17,17,14,14,10,10,14,14,14,14,13.1,13.1,10,10,12,12,5,5
Winter,Saturday,February,20,1,1,1,1,1,1,1,1,1,1,1,1,2,2,1,1,10,10,14,14,13,13,5,5,5,5,5,5,5,5,13.1,13.1,16,16,16,16,5,5,13.1,13.1,12,12,17,17,12,12,5,5
Winter,Sunday,February,21,1,1,1,1,1,1,1,1,10,10,5,5,1,1,2,2,5,5,13,13,19,19,5,5,5,5,4,4,13.1,13.1,3,3,5,5,5,5,10,10,13.1,13.1,10,10,5,5,5,5,12,12
Winter,Monday,February,22,12,12,1,1,1,1,1,1,1,1,1,1,1,1,2,2,10,10,13,13,5,5,3,3,5,5,10,10,12,12,13.1,13.1,5,5,5,5,5,5,19,19,13.1,13.1,10,10,5,5,17,17
Winter,Tuesday,February,23,1,1,1,1,1,1,1,1,1,1,1,1,2,2,1,1,10,10,13,13,3,3,17,17,3,3,3,3,7,7,3,3,3,3,20,20,13.1,13.1,5,5,13.1,13.1,12,12,5,5,10,10
Winter,Wednesday,February,24,1,1,1,1,1,1,1,1,10,10,2,2,1,1,1,1,5,5,3,3,14,14,10,10,3,3,3,3,25,25,20,20,17,17,5,5,5,5,5,5,13.1,13.1,5,5,10,10,5,5
Winter,Thursday,February,25,1,1,1,1,1,1,1,1,2,2,5,5,5,5,5,5,19,19,3,3,22,22,5,5,3,3,3,3,3,3,20,20,5,5,10,10,19,19,13.1,13.1,13,13,12,12,5,5,17,17
Winter,Friday,February,26,1,1,1,1,1,1,1,1,1,1,2,2,5,5,5,5,10,10,13,13,25,25,3,3,14,14,3,3,3.1,3.1,13.1,13.1,14,14,17,17,3.1,3.1,13.1,13.1,20,20,12,12,12,12,12,12
Winter,Saturday,February,27,10,10,1,1,1,1,1,1,1,1,1,1,1,1,2,2,25,25,14,14,12,12,13,13,10,10,5,5,5,5,5,5,5,5,13.1,13.1,5,5,13.1,13.1,12,12,12,12,5,5,10,10
Winter,Sunday,February,28,1,1,1,1,1,1,1,1,1,1,1,1,1,1,2,2,5,5,13,13,14,14,12,12,5,5,3,3,20,20,3,3,25,25,13.1,13.1,13.1,13.1,14,14,10,10,10,10,12,12,12,12
Winter,Monday,March,1,18,18,1,1,1,1,1,1,1,1,1,1,1,1,2,2,10,10,13,13,14,14,3,3,13.1,13.1,7,7,5,5,5,5,5,5,17,17,5,5,13.1,13.1,17,17,10,10,12,12,5,5
Spring,Tuesday,March,2,10,10,1,1,1,1,1,1,1,1,1,1,1,1,5,5,5,5,13,13,3,3,3,3,7,7,12,12,5,5,3,3,23,23,23,23,17,17,5,5,13.1,13.1,12,12,12,12,12,12
Spring,Wednesday,March,3,5,5,1,1,1,1,1,1,1,1,1,1,1,1,1,1,2,2,3,3,14,14,5,5,3,3,3,3,13.1,13.1,10,10,5,5,5,5,5,5,13,13,17,17,12,12,5,5,12,12
Spring,Thursday,March,4,1,1,1,1,1,1,1,1,1,1,1,1,1,1,2,2,5,5,3,3,5,5,14,14,5,5,3,3,3,3,5,5,5,5,5,5,13,13,10,10,5,5,12,12,5,5,12,12
Spring,Friday,March,5,5,5,1,1,1,1,1,1,1,1,1,1,1,1,2,2,10,10,13,13,17,17,3,3,5,5,3,3,16,16,18,18,18,18,13.1,13.1,23,23,10,10,17,17,5,5,12,12,12,12
Spring,Saturday,March,6,12,12,12,12,1,1,1,1,1,1,1,1,1,1,1,1,2,2,25,25,25,25,13,14,10,10,5,5,17,17,5,5,16,16,16,16,5,5,23,23,23,23,17,17,12,12,12,12
Spring,Sunday,March,7,12,12,1,1,1,1,1,1,1,1,1,1,1,1,2,2,10,10,13,13,14,14,5,5,5,5,5,20,5,5,13.1,13.1,10,10,5,5,5,10,3,3,14,14,12,12,12,12,5,5
Spring,Monday,March,8,5,12,5,5,1,1,1,1,1,1,1,1,1,1,1,1,2,2,13,13,14,14,17,17,5,10,5,5,5,10,5,20,5,5,5,10,5,5,13.1,13.1,5,5,12,12,10,10,12,12
Spring,Tuesday,March,9,12,12,5,12,1,1,1,1,1,1,1,1,1,1,1,1,2,2,13,14,17,17,13.1,13.1,13.1,13.1,5,5,5,13,16,16,5,10,5,5,5,13,5,5,5,5,10,10,12,12,5,12
Spring,Wednesday,March,10,12,12,1,1,1,1,1,1,1,1,1,1,1,1,2,2,10,10,13,13,14,14,10,10,5,5,5,20,5,5,5,5,5,13,5,10,5,5,5,10,5,13,5,12,5,12,12,12
Spring,Thursday,March,11,5,10,1,1,1,1,1,1,1,1,1,1,1,1,1,1,2,2,13,13,14,14,25,25,17,17,5,5,20,20,5,5,5,10,10,10,13.1,13.1,5,5,5,13,12,12,5,12,5,5
Spring,Friday,March,12,10,10,1,1,1,1,1,1,1,1,2,2,13,13,16,16,4,4,4,4,4,4,4,4,13.1,13.1,17,17,10,10,5,10,5,10,5,5,5,5,20,20,5,5,12,12,1,1,12,12
Spring,Saturday,March,13,5,5,1,1,1,1,1,1,1,1,2,2,1,1,13.1,13.1,5,5,5,12,13,14,25,25,5,10,5,5,5,5,5,20,5,5,5,5,5,5,5,13,17,17,5,12,5,5,1,1
Spring,Sunday,March,14,1,1,1,1,1,1,5,5,5,5,5,5,5,5,16,16,4,4,4,4,4,4,4,4,4,4,4,4,16,16,13.1,13.1,12,12,17,17,5,5,5,12,5,5,5,5,5,12,5,12
Spring,Monday,March,15,1,1,1,1,1,1,1,1,2,2,5,5,5,5,16,16,4,4,4,4,4,4,16,16,13,13,25,25,17,17,5,5,5,5,5,5,5,5,11,11,5,13,5,12,5,12,5,5
Spring,Tuesday,March,16,1,1,1,1,1,1,1,1,2,2,5,5,5,5,16,16,4,4,4,4,16,16,13,13,5,10,19,19,10,10,5,5,5,5,12,12,17,17,5,5,5,10,5,12,17,17,5,5
Spring,Wednesday,March,17,1,1,1,1,1,1,1,1,2,2,5,5,5,5,16,16,4,4,4,4,11,11,13,13,10,10,14,14,5,10,5,5,13.1,13.1,5,5,5,10,5,5,13.1,13.1,12,12,5,12,5,5
Spring,Thursday,March,18,1,1,1,1,1,1,2,2,1,1,5,5,5,5,16,16,4,4,4,4,4,4,11,11,4,4,4,4,16,16,13.1,13.1,7,7,17,17,19,19,5,5,13,13,5,10,5,12,5,5
Spring,Friday,March,19,1,1,1,1,1,1,1,1,1,1,2,2,1,1,1,1,10,10,5,13,5,5,16,16,4,4,11,11,25,25,12,12,13.1,13.1,16,16,13.1,13.1,13.1,13.1,17,17,22,22,12,12,9,9
Spring,Saturday,March,20,12,12,1,1,1,1,1,1,1,1,1,1,1,1,2,2,10,10,10,12,13,13,14,14,17,17,19,19,5,10,5,5,5,5,13.1,13.1,5,5,5,10,5,5,12,12,12,12,10,10
Spring,Sunday,March,21,17,17,1,1,1,1,1,1,1,1,1,1,1,1,2,2,10,10,13,14,18,18,14,14,5,10,5,5,5,20,17,17,5,5,5,5,5,10,13.1,13.1,25,25,12,12,12,12,5,12
Spring,Monday,March,22,1,1,1,1,1,1,1,1,1,1,2,2,1,1,16,16,4,4,4,4,16,16,13,13,17,17,5,10,5,5,5,10,5,5,5,5,5,10,13.1,13.1,5,10,12,12,5,12,5,12
Spring,Tuesday,March,23,1,1,1,1,1,1,1,1,2,2,5,5,5,5,16,16,4,4,4,4,11,11,11,11,4,4,4,4,16,16,13.1,13.1,19,19,18,18,10,10,24,24,24,24,12,12,5,12,5,12
Spring,Wednesday,March,24,1,1,1,1,1,1,1,1,1,1,1,1,2,2,1,1,13,13,14,14,17,17,10,10,5,5,5,5,5,5,5,5,20,20,5,5,5,5,5,5,5,10,5,12,5,12,5,5
Spring,Thursday,March,25,5,10,1,1,1,1,1,1,2,2,5,5,5,5,17,17,4,4,4,4,4,4,11,11,4,4,4,4,16,16,18,18,10,10,20,20,20,20,13.1,13.1,10,10,12,12,12,12,1,1
Spring,Friday,March,26,1,1,1,1,1,1,1,1,1,1,1,1,2,2,25,25,25,25,13,13,14,14,8,8,8,8,5,10,5,10,13,13,5,5,22,22,12,12,8,8,22,22,12,12,5,12,5,5
Spring,Saturday,March,27,5,5,1,1,1,1,1,1,2,2,5,5,5,5,5,5,16,16,4,4,4,4,4,4,16,16,11,11,11,11,11,11,11,11,11,11,22,22,13.1,13.1,18,18,22,22,12,12,12,12
Spring,Sunday,March,28,1,1,1,1,1,1,2,2,1,1,1,1,1,1,1,1,1,1,2,2,20,20,13,13,14,14,7,7,7,7,25,25,20,20,10,10,10,12,13.1,13.1,10,12,22,22,22,22,12,12
Spring,Monday,March,29,1,1,1,1,1,1,1,1,1,1,2,2,25,25,16,16,3,3,3,3,3,3,11,11,3,3,11,11,16,16,1,1,17,17,13.1,13.1,10,10,14,14,5,10,5,12,12,12,1,1
Spring,Tuesday,March,30,1,1,1,1,1,1,1,1,1,1,2,2,13,13,16,16,3,3,3,3,3,3,16,16,13,13,1,1,24,24,10,12,17,17,10,12,20,20,5,5,5,5,10,12,12,12,5,12
Spring,Wednesday,March,31,5,5,1,1,1,1,1,1,1,1,1,1,1,1,1,1,2,2,13,14,10,12,5,5,5,13,5,5,25,25,25,25,10,12,10,10,13.1,13.1,5,10,5,5,10,12,12,12,18,18
Spring,Thursday,April,1,1,1,1,1,1,1,1,1,1,1,1,1,2,2,14,14,13,13,16,16,3,3,3,3,11,11,3,3,3,3,11,11,11,11,11,11,12,12,10,12,13.1,13.1,12,12,12,12,12,12
Spring,Friday,April,2,25,25,1,1,1,1,1,1,1,1,1,1,2,2,16,16,3,3,3,3,11,11,11,11,11,11,3,3,16,16,24,24,24,24,13.1,13.1,13.1,13.1,13.1,13.1,13.1,13.1,24,24,12,12,12,12
Spring,Saturday,April,3,1,1,1,1,1,1,1,1,1,1,1,1,1,1,1,1,1,1,2,2,13,14,10,12,10,12,13.1,13.1,10,10,7,7,5,10,5,5,5,10,13,13,5,5,12,12,9,9,9,9
Spring,Sunday,April,4,24,24,1,1,1,1,1,1,1,1,1,1,2,2,24,24,24,24,10,12,10,12,14,14,13,13,24,24,24,24,24,24,24,24,24,24,10,12,5,5,5,12,12,12,12,12,12,12
Spring,Monday,April,5,12,12,1,1,1,1,1,1,1,1,1,1,1,1,2,2,10,12,13,13,24,24,24,24,13,13,17,17,10,10,5,10,5,10,5,5,5,5,13.1,13.1,13,14,12,12,12,12,12,12
Spring,Tuesday,April,6,10,12,1,1,1,1,1,1,1,1,1,1,1,1,1,1,2,2,20,20,13,13,14,14,14,14,10,10,17,17,5,5,5,5,5,20,5,12,13.1,13.1,13.1,13.1,12,12,22,22,10,12
Spring,Wednesday,April,7,12,12,1,1,1,1,1,1,1,1,1,1,1,1,2,2,13,13,14,14,24,24,25,25,5,20,5,5,5,5,13.1,13.1,5,10,13.1,13.1,5,10,5,5,10,12,12,12,12,12,11,11
Spring,Thursday,April,8,11,11,11,11,1,1,1,1,1,1,1,1,1,1,1,1,2,2,13,14,13.1,13.1,10,12,17,17,5,10,5,5,5,10,5,5,5,10,5,5,13.1,13.1,5,10,12,12,12,12,5,12
Spring,Friday,April,9,1,1,1,1,1,1,1,1,1,1,1,1,1,1,2,2,13,13,10,12,14,14,25,25,10,10,5,5,5,5,20,20,10,13,17,17,5,5,5,5,13.1,13.1,12,12,12,12,10,12
Spring,Saturday,April,10,1,1,1,1,1,1,1,1,1,1,1,1,1,1,2,2,1,1,13,13,14,14,10,10,17,17,5,5,5,20,19,19,19,19,10,10,13.1,13.1,5,5,13.1,13.1,5,12,5,12,12,12
Spring,Sunday,April,11,10,12,1,1,1,1,1,1,1,1,1,1,1,1,2,2,17,17,19,19,14,14,25,25,5,10,5,5,5,5,5,13,5,10,5,5,13.1,13.1,13,13,5,10,10,12,12,12,5,12
Spring,Monday,April,12,1,1,1,1,1,1,1,1,1,1,1,1,1,1,2,2,10,12,13,14,10,10,5,5,5,10,5,20,5,5,14,14,5,5,16,16,13.1,13.1,5,5,5,10,12,12,10,12,9,9
Spring,Tuesday,April,13,12,12,1,1,1,1,1,1,1,1,1,1,1,1,1,1,12,12,13,13,14,14,18,18,20,20,13.1,13.1,5,5,5,10,5,10,5,20,20,20,13.1,13.1,5,10,10,12,12,12,12,12
Spring,Wednesday,April,14,10,12,1,1,1,1,1,1,1,1,1,1,1,1,1,1,1,1,2,2,13,14,10,12,25,25,13.1,13.1,5,10,5,10,5,10,5,5,13.1,13.1,5,5,5,5,10,12,10,12,5,10
Spring,Thursday,April,15,17,17,1,1,1,1,1,1,1,1,1,1,1,1,1,1,2,2,13,14,10,12,17,17,5,13,19,19,19,19,5,20,5,5,5,5,5,10,13.1,13.1,5,10,14,14,12,12,12,12
Spring,Friday,April,16,5,12,1,1,1,1,1,1,1,1,1,1,1,1,1,1,2,2,13,14,17,17,5,10,5,5,5,20,5,12,5,10,5,5,17,17,5,5,5,10,13.1,13.1,19,19,5,5,1,1
Spring,Saturday,April,17,1,1,1,1,1,1,1,1,1,1,1,1,1,1,2,2,17,17,13,13,14,14,10,10,5,20,5,12,5,5,5,10,5,10,12,12,22,22,22,22,13,14,10,12,12,12,10,12
Spring,Sunday,April,18,1,1,1,1,1,1,1,1,1,1,1,1,1,1,2,2,10,12,13,13,14,14,17,17,5,10,5,5,5,13,5,5,5,10,20,20,12,12,22,22,22,22,22,22,12,12,12,12
Spring,Monday,April,19,1,1,1,1,1,1,1,1,1,1,1,1,1,1,1,1,2,2,13,13,14,14,10,10,17,17,10,10,5,5,17,17,5,5,5,20,5,10,10,10,17,17,10,12,10,12,12,12
Spring,Tuesday,April,20,12,12,1,1,1,1,1,1,1,1,1,1,1,1,2,2,14,14,13,13,17,17,10,10,5,5,5,20,5,5,5,5,5,10,10,10,20,20,14,14,5,10,10,12,12,12,12,12
Spring,Wednesday,April,21,17,17,1,1,1,1,1,1,1,1,1,1,1,1,1,1,2,2,13,13,14,14,17,17,5,13,5,5,5,10,5,5,5,10,5,5,13.1,13.1,20,20,18,18,12,12,10,12,12,12
Spring,Thursday,April,22,12,12,1,1,1,1,1,1,1,1,1,1,1,1,1,1,2,2,13,13,14,14,10,10,5,5,5,5,5,10,20,20,12,12,5,5,5,10,13,14,5,10,12,12,10,12,12,12
Spring,Friday,April,23,5,12,1,1,1,1,1,1,1,1,1,1,1,1,1,1,2,2,13,13,17,17,5,10,5,5,20,20,5,10,5,5,13.1,13.1,5,5,5,10,5,20,13,14,12,12,12,12,10,12
Spring,Saturday,April,24,5,12,1,1,1,1,1,1,1,1,1,1,1,1,1,1,2,2,13,14,17,17,5,10,5,5,5,5,13.1,13.1,5,13,5,10,5,5,5,5,13.1,13.1,20,20,12,12,10,12,12,12
Spring,Sunday,April,25,12,12,5,12,1,1,1,1,1,1,1,1,1,1,2,2,10,10,13,14,25,25,25,25,10,12,12,12,10,12,5,13,5,10,17,17,5,5,13.1,13.1,5,12,12,12,9,9,9,9
Spring,Monday,April,26,12,12,1,1,1,1,1,1,1,1,2,2,5,12,10,12,12,12,13,13,17,17,12,12,10,12,17,17,14,14,20,20,13.1,13.1,21,21,10,12,13.1,13.1,13,14,12,12,9,9,12,12
Spring,Tuesday,April,27,12,12,12,12,1,1,1,1,1,1,1,1,1,1,1,1,2,2,13,13,14,14,10,12,14,14,14,14,10,12,10,13,18,18,17,17,13.1,13.1,10,10,10,12,12,12,11,11,11,11
Spring,Wednesday,April,28,1,1,1,1,1,1,1,1,1,1,1,1,1,1,2,2,13,13,14,14,10,12,10,12,18,18,18,18,19,19,17,17,13.1,13.1,19,19,18,18,13.1,13.1,10,12,9,9,9,9,9,9
Spring,Thursday,April,29,18,18,1,1,1,1,1,1,1,1,1,1,1,1,2,2,17,17,13,13,17,17,10,10,14,14,19,19,14,14,25,25,13.1,13.1,18,18,18,18,13,14,10,12,10,12,13.1,13.1,12,12
Spring,Friday,April,30,12,12,1,1,1,1,1,1,1,1,1,1,1,1,1,1,1,1,13,13,17,17,7,7,10,10,19,19,13.1,13.1,20,20,22,22,12,12,12,12,21,21,13.1,13.1,10,12,12,12,10,12
Spring,Saturday,May,1,17,17,1,1,1,1,1,1,1,1,1,1,1,1,1,1,2,2,10,10,13,13,14,14,18,18,10,12,20,20,13.1,13.1,12,12,22,22,13.1,13.1,21,21,22,22,12,12,10,12,10,10
Spring,Sunday,May,2,1,1,1,1,1,1,1,1,1,1,1,1,1,1,2,2,17,17,13,14,24,24,10,12,7,7,10,13,18,18,18,18,19,19,19,19,10,12,21,21,22,22,22,22,12,12,12,12
Spring,Monday,May,3,1,1,1,1,1,1,1,1,1,1,1,1,2,2,1,1,17,17,13,13,14,14,24,24,10,10,10,13,18,18,7,7,10,10,1,1,1,1,1,1,24,24,19,19,12,12,10,10
Spring,Tuesday,May,4,19,19,1,1,1,1,1,1,1,1,1,1,1,1,2,2,24,24,10,10,24,24,17,17,10,12,10,12,18,18,5,5,5,10,24,24,24,24,13.1,13.1,5,10,12,12,5,12,10,12
Spring,Wednesday,May,5,10,12,1,1,1,1,1,1,1,1,1,1,1,1,2,2,13,13,4,4,4,4,12,12,5,12,12,12,25,25,19,19,10,10,10,12,17,17,13,14,12,12,12,12,12,12,5,10
Spring,Thursday,May,6,1,1,1,1,1,1,1,1,1,1,5,5,5,10,5,5,13,14,5,10,4,4,4,4,13,13,12,12,10,12,12,12,19,19,10,12,19,19,18,18,13.1,13.1,12,12,12,12,11,11
Spring,Friday,May,7,11,11,11,11,1,1,1,1,1,1,1,1,1,1,2,2,1,1,17,17,13,14,19,19,10,13,24,24,10,10,17,17,22,22,12,12,18,18,22,22,13.1,13.1,12,12,10,12,19,19
Spring,Saturday,May,8,1,1,1,1,1,1,1,1,1,1,1,1,1,1,2,2,19,19,13,14,25,25,19,19,24,24,10,13,10,12,18,18,22,22,17,17,21,21,22,22,12,12,12,12,5,12,11,11
Spring,Sunday,May,9,5,12,1,1,1,1,1,1,1,1,1,1,1,1,2,2,13.1,13.1,13,13,14,14,10,12,5,10,5,13,10,10,5,10,5,10,5,10,20,20,22,22,22,22,12,12,5,12,10,12
Spring,Monday,May,10,5,12,1,1,1,1,1,1,1,1,1,1,2,2,5,5,5,12,5,12,4,4,17,17,12,12,5,10,5,13,5,10,17,17,19,19,21,21,13.1,13.1,10,12,12,12,5,5,5,10
Spring,Tuesday,May,11,5,5,1,1,1,1,1,1,1,1,1,1,2,2,5,10,5,12,4,4,4,4,13,13,13.1,13.1,19,19,13.1,13.1,20,20,13,13,10,10,21,21,17,17,10,12,10,12,10,12,12,12
Spring,Wednesday,May,12,11,11,11,11,11,11,1,1,1,1,1,1,1,1,1,1,2,2,10,10,13,14,13.1,13.1,7,7,12,12,12,12,19,19,17,17,10,10,10,12,21,21,13,14,12,12,12,12,1,1
Spring,Thursday,May,13,1,1,1,1,1,1,1,1,2,2,1,1,1,1,1,1,2,2,13.1,13.1,13,14,18,18,19,19,20,20,10,13,19,19,10,12,25,25,10,12,21,21,20,20,12,12,12,12,10,12
Spring,Friday,May,14,12,12,12,12,1,1,1,1,1,1,1,1,1,1,2,2,10,12,13.1,13.1,13,14,19,19,7,7,10,13,19,19,10,12,10,10,20,20,12,12,20,20,13.1,13.1,12,12,10,10,10,12
Spring,Saturday,May,15,10,12,1,1,1,1,1,1,1,1,1,1,1,1,1,1,2,2,13.1,13.1,13,14,10,12,19,19,19,19,18,18,10,10,17,17,7,7,15,15,21,21,13,14,10,12,11,11,11,11
Spring,Sunday,May,16,11,11,12,12,10,12,1,1,1,1,1,1,1,1,1,1,1,1,2,2,13,14,25,25,7,7,20,20,13.1,13.1,10,12,10,10,15,15,20,20,21,21,19,19,10,12,7,7,10,12
Spring,Monday,May,17,15,15,1,1,1,1,1,1,1,1,1,1,1,1,2,2,7,7,13,14,19,19,19,19,10,10,7,7,20,20,15,15,19,19,13.1,13.1,21,21,13.1,13.1,10,12,12,12,11,11,11,11
Spring,Tuesday,May,18,11,11,1,1,1,1,1,1,1,1,1,1,1,1,1,1,2,2,13,14,17,17,19,19,7,7,10,12,13.1,13.1,15,15,15,15,19,19,21,21,25,25,13,14,12,12,12,12,10,10
Spring,Wednesday,May,19,12,12,10,12,1,1,1,1,1,1,1,1,1,1,1,1,2,2,13,13,17,17,14,14,7,7,19,19,20,20,15,15,15,15,10,10,21,21,13,14,13.1,13.1,12,12,12,12,12,12
Spring,Thursday,May,20,1,1,1,1,1,1,1,1,1,1,1,1,1,1,1,1,2,2,13,14,10,10,13.1,13.1,19,19,20,20,13,14,7,7,22,22,10,12,10,12,22,22,21,21,10,12,11,11,11,11
Spring,Friday,May,21,11,11,1,1,1,1,1,1,1,1,1,1,1,1,1,1,1,1,2,2,13,14,17,17,19,19,20,20,12,12,10,12,10,12,13.1,13.1,13.1,13.1,21,21,13,14,10,12,10,10,10,12
Spring,Saturday,May,22,1,1,1,1,1,1,1,1,1,1,1,1,1,1,1,1,2,2,13,13,20,20,14,14,19,19,7,7,20,20,10,12,22,22,10,10,17,17,22,22,21,21,10,13,10,12,13.1,13.1
Spring,Sunday,May,23,12,12,1,1,1,1,1,1,1,1,1,1,1,1,1,1,2,2,13,13,14,14,25,25,25,25,10,12,20,20,15,15,15,15,10,12,20,20,22,22,22,22,12,12,10,12,7,7
Spring,Monday,May,24,19,19,1,1,1,1,1,1,1,1,1,1,13.1,13.1,13.1,13.1,14,14,13,14,10,12,17,17,19,19,19,19,20,20,15,15,15,15,15,15,21,21,20,20,13.1,13.1,10,12,11,11,11,11
Spring,Tuesday,May,25,11,11,1,1,1,1,1,1,1,1,1,1,1,1,1,1,2,2,17,17,13,14,15,15,10,10,20,20,13,13,12,12,15,15,18,18,20,20,13.1,13.1,10,12,10,10,11,11,11,11
Spring,Wednesday,May,26,11,11,1,1,1,1,1,1,1,1,1,1,1,1,1,1,2,2,13,14,17,17,10,12,19,19,13.1,18,18,18,25,25,10,10,17,17,10,12,13.1,13.1,12,9,12,9,12,9,12,9
Spring,Thursday,May,27,12,9,1,1,1,1,1,1,1,1,1,1,1,1,2,2,1,1,13,13,14,14,13.1,13.1,7,10,12,19,12,19,10,13,17,17,10,12,18,18,13.1,13.1,13,12,12,12,10,12,12,12
Spring,Friday,May,28,10,12,1,1,1,1,1,1,1,1,1,1,1,1,2,2,1,1,13.1,13.1,13,14,7,19,11,19,11,11,11,11,13.1,13.1,13.1,20,10,12,18,18,17,17,13,14,10,12,11,11,11,11
Spring,Saturday,May,29,11,11,1,1,1,1,1,1,1,1,1,1,1,1,2,2,1,1,2,2,13,13,14,14,19,19,10,10,13.1,13.1,15,10,18,18,8,8,7,7,21,21,13.1,13.1,10,12,12,12,12,19
Spring,Sunday,May,30,12,1,1,1,1,1,1,1,1,1,1,1,1,1,10,1,1,1,2,2,13,14,25,25,12,17,17,17,13.1,13.1,10,12,19,19,17,19,18,12,21,21,13.1,13.1,10,12,11,11,10,12
Spring,Monday,May,31,10,12,1,1,1,1,1,1,1,1,1,1,1,1,1,1,2,2,13,14,10,12,12,23,12,19,12,7,20,20,17,17,10,14,15,19,19,19,21,20,12,13.1,10,12,11,11,11,11
Summer,Tuesday,June,1,10,10,1,1,1,1,1,1,1,1,1,1,1,1,1,1,2,2,13,13.1,14,14,19,13.1,19,19,7,10,20,20,13.1,20,23,10,10,19,8,19,8,18,13.1,14,10,10,10,19,10,12
Summer,Wednesday,June,2,17,17,1,1,1,1,1,1,1,1,2,2,1,1,1,1,2,2,13,13,14,14,10,12,25,25,13.1,20,10,13,19,13.1,13.1,17,8,10,8,8,21,20,10,10,10,12,7,10,17,17
Summer,Thursday,June,3,10,12,1,1,1,1,1,1,1,1,1,1,1,1,1,1,2,2,13,13,14,14,17,19,10,12,8,12,13,13.1,8,8,10,10,8,8,7,20,13,13.1,10,12,8,8,10,12,12,12
Summer,Friday,June,4,12,1,1,1,1,1,1,1,1,1,2,2,1,1,2,2,10,10,13,13,14,14,17,17,25,25,18,12,22,22,13.1,13.1,10,12,12,22,22,13.1,21,10,10,12,10,12,13.1,10,12,12
Summer,Saturday,June,5,11,11,11,11,1,1,1,1,1,1,1,1,1,1,1,1,1,1,2,2,13,13,14,14,10,12,7,10,17,18,22,22,7,7,20,22,22,22,11,11,22,19,10,12,12,9,12,9
Summer,Sunday,June,6,9,1,1,1,2,2,1,1,1,1,1,1,1,1,1,1,1,1,2,2,13,14,25,25,17,17,7,23,19,23,7,23,18,18,20,20,22,22,22,22,11,11,10,12,10,10,10,12
Summer,Monday,June,7,12,12,10,12,1,1,1,1,1,1,2,2,1,1,1,1,1,1,2,2,13,14,13.1,13.1,10,17,19,19,13,19,10,19,7,19,7,19,21,21,13.1,13.1,20,14,10,12,10,10,8,8
Summer,Tuesday,June,8,8,12,11,11,1,1,1,1,1,1,1,1,1,1,1,1,2,2,10,10,13,14,10,12,10,17,10,13.1,14,14,13.1,13.1,10,19,7,19,11,19,21,13.1,20,14,10,12,12,19,12,8
Summer,Wednesday,June,9,10,12,1,1,1,1,1,1,1,1,1,1,1,1,1,1,2,2,14,14,13,13,10,10,19,19,19,19,13.1,19,8,10,8,8,8,18,21,13.1,20,13,14,10,10,12,12,19,19,19
Summer,Thursday,June,10,10,12,1,1,1,1,1,1,2,2,1,1,1,1,1,1,2,2,14,14,13,13,17,17,19,19,19,19,13.1,19,19,19,8,8,8,8,8,8,10,12,8,20,7,13,12,12,10,12
Summer,Friday,June,11,10,10,1,1,1,1,1,1,1,1,1,1,1,1,1,1,2,2,17,17,13,13,14,14,18,18,12,17,25,25,13,13.1,8,8,8,8,8,8,20,12,20,20,13,13.1,10,12,12,12
Summer,Saturday,June,12,12,12,12,22,1,1,1,1,1,1,1,1,1,1,1,1,2,2,10,12,13,14,12,17,10,10,18,18,10,12,10,10,19,17,18,18,10,12,20,20,13.1,13.1,12,19,10,10,10,12
Summer,Sunday,June,13,12,12,12,1,1,1,1,1,1,1,1,1,1,1,1,1,2,13.1,20,20,13,13,13.1,13.1,13.1,13.1,10,19,13.1,13,18,18,17,17,19,19,20,20,13,13.1,18,13.1,12,19,12,13.1,12,13.1
Summer,Monday,June,14,10,12,1,1,1,1,1,1,1,1,1,1,1,1,1,1,1,1,2,2,13,13,25,25,12,13,19,19,13.1,18,19,19,9,19,23,19,20,19,13,13.1,12,7,11,11,11,11,12,11
Summer,Tuesday,June,15,10,12,1,1,1,1,1,1,1,1,1,1,1,1,1,1,2,2,10,10,13,14,13.1,13.1,7,10,19,19,13.1,13,18,18,10,10,10,12,19,20,20,20,13,14,22,13.1,12,22,10,12
Summer,Wednesday,June,16,12,22,12,22,22,22,1,1,1,1,1,1,1,1,1,1,1,1,2,2,13,14,10,13.1,19,10,17,17,19,13.1,10,13,13.1,13.1,18,18,20,20,13,14,10,10,18,18,24,24,10,12
Summer,Thursday,June,17,24,24,1,1,1,1,1,1,1,1,1,1,1,1,2,2,24,24,10,17,13,16,11,11,16,16,25,25,19,13.1,19,18,10,12,18,18,13.1,13.1,20,20,13,14,13.1,19,12,19,11,11
Summer,Friday,June,18,11,11,1,1,1,1,1,1,1,1,21,2,10,1,1,1,1,1,13,13.1,19,13.1,12,19,25,25,25,25,10,17,22,22,13.1,13.1,12,12,18,22,12,22,13,14,13.1,7,12,9,12,9
Summer,Saturday,June,19,12,12,1,1,1,1,1,1,1,1,1,1,1,1,1,1,2,2,10,13,13.1,14,19,19,13.1,13.1,13.1,10,7,19,17,19,22,20,13.1,18,13.1,18,22,22,13,14,12,12,22,13.1,12,22
Summer,Sunday,June,20,12,12,1,1,1,1,1,1,1,1,1,1,1,1,1,1,2,2,13,14,13.1,13.1,16,13.1,13.1,13.1,13.1,16,20,25,10,12,18,18,10,13.1,20,22,22,22,22,22,12,13.1,11,11,11,11
Summer,Monday,June,21,11,11,1,1,1,1,1,1,1,1,1,1,1,1,1,1,2,2,13,23,23,23,10,19,17,17,10,19,13.1,13,19,19,10,19,20,13,18,18,13.1,13,12,19,7,7,10,12,18,18
Summer,Tuesday,June,22,1,1,1,1,1,1,1,1,1,1,1,1,1,1,1,1,2,2,13,13,14,14,25,25,25,25,12,19,13.1,13.1,12,18,13.1,13.1,13.1,13.1,7,18,10,17,13,14,12,19,13.1,19,12,12
Summer,Wednesday,June,23,12,12,1,1,1,1,1,1,1,1,1,1,1,1,1,1,2,2,13,13,16,13.1,13.1,13.1,19,19,10,19,13,13.1,10,19,18,18,16,25,12,19,13.1,17,13,14,7,13.1,13.1,18,10,12
Summer,Thursday,June,24,10,1,1,1,1,1,1,1,1,1,1,1,2,2,1,1,13.1,2,13,13,7,14,10,19,19,19,10,19,13,13.1,17,17,13.1,13.1,19,19,16,13.1,13,13,10,14,10,12,10,12,18,18
Summer,Friday,June,25,7,10,1,1,1,1,1,1,1,1,1,1,1,1,1,1,2,10,13,13,14,14,7,7,10,19,20,20,13,25,22,22,13.1,13.1,19,19,13.1,19,12,22,10,13,19,19,6,6,6,12
Summer,Saturday,June,26,12,12,10,12,1,1,1,1,1,1,1,1,1,1,1,1,2,10,14,14,13,14,13.1,13.1,11,11,7,19,13,13.1,10,19,22,22,13.1,19,20,20,12,22,20,12,10,12,13.1,13.1,18,19
Summer,Sunday,June,27,12,1,1,1,1,1,1,1,1,1,1,1,1,1,1,1,2,10,13,13,14,19,10,19,19,19,7,7,13,20,20,19,19,19,13.1,20,20,22,22,11,22,22,11,11,12,22,12,22
Summer,Monday,June,28,1,1,1,1,1,1,10,10,1,1,1,1,1,1,1,1,2,2,13,13,14,14,10,19,10,10,7,17,13,13.1,7,13.1,19,19,10,19,12,16,21,13.1,13,14,12,22,12,22,22,22
Summer,Tuesday,June,29,22,22,22,22,1,1,1,1,1,1,1,1,1,1,1,1,2,12,13,14,14,14,25,25,10,19,5,5,3,3,20,20,10,17,12,13.1,13.1,19,19,19,13,14,12,22,22,22,22,22
Summer,Wednesday,June,30,10,1,1,1,1,1,1,1,1,1,1,1,1,1,1,1,1,1,2,2,13,14,7,17,19,19,10,10,13.1,13,10,18,10,19,12,19,13.1,13.1,20,20,20,13.1,10,12,10,12,18,18
Summer,Thursday,July,1,18,19,18,1,1,1,1,1,1,1,1,1,1,1,1,1,2,2,10,13,12,14,10,18,19,13.1,13.1,19,3,3,12,20,10,17,13.1,13.1,19,19,20,20,12,13.1,13.1,18,13.1,13.1,12,12
Summer,Friday,July,2,12,12,12,1,1,1,1,1,1,1,1,1,1,1,1,1,2,2,13,14,13.1,16,18,18,18,18,25,25,13,13.1,22,11,11,13.1,13.1,13.1,19,19,22,13,10,14,13.1,22,22,22,12,22
Summer,Saturday,July,3,12,22,12,12,1,1,1,1,1,1,1,1,1,1,1,1,1,1,2,2,13,13,14,14,13.1,19,19,19,10,10,12,22,22,22,20,20,12,22,12,22,12,13.1,19,13.1,22,19,12,22
Summer,Sunday,July,4,22,19,19,19,1,1,1,1,1,1,1,1,1,1,1,1,1,1,2,2,13,13,14,14,25,25,19,19,3,3,14,14,13.1,13.1,19,19,13.1,20,12,22,12,22,12,22,10,12,12,19
Summer,Monday,July,5,7,7,1,1,1,1,1,1,1,1,1,1,1,1,2,2,1,1,10,10,13,14,24,18,13.1,17,10,19,20,20,15,15,10,18,22,24,21,21,13.1,13.1,13,13,24,24,12,12,10,12
Summer,Tuesday,July,6,10,24,1,1,1,1,1,1,1,1,1,1,1,1,1,1,2,2,13.1,13.1,12,13,19,13.1,17,17,10,12,20,24,10,10,13.1,13.1,24,24,7,7,19,19,13,13,24,24,12,13.1,12,12
Summer,Wednesday,July,7,22,12,10,10,1,1,1,1,1,1,1,1,1,1,1,1,2,2,13,13,10,14,19,13.1,17,17,10,20,24,24,10,12,17,17,5,5,15,15,13.1,13.1,13,13,7,7,12,13.1,12,12
Summer,Thursday,July,8,22,22,22,22,22,1,1,1,1,1,1,1,1,1,1,1,1,1,2,2,13,14,10,19,3,7,13,17,3,3,7,7,10,13,19,19,17,17,20,13.1,13,14,7,7,12,13.1,12,12
Summer,Friday,July,9,10,12,1,1,1,1,1,1,1,1,1,1,1,1,1,1,2,2,13,13,14,14,13.1,19,25,25,7,7,13,13.1,10,19,5,5,15,15,12,15,20,20,13,13.1,12,14,11,11,11,11
Summer,Saturday,July,10,11,11,10,13,1,1,1,1,1,1,1,1,1,1,1,1,2,2,7,13.1,13,14,10,12,13.1,19,10,13.1,5,5,5,5,7,7,15,13.1,12,15,20,20,13,13.1,7,7,10,12,11,11
Summer,Sunday,July,11,11,11,18,18,1,1,1,1,1,1,1,1,2,22,22,13.1,1,1,2,13,14,14,17,17,13,18,3,19,3,3,13.1,13.1,10,18,7,15,10,19,20,20,13,13,14,19,12,12,12,12
Summer,Monday,July,12,22,12,22,22,1,1,1,1,1,1,1,1,10,22,1,1,2,2,1,1,13,13,14,14,19,19,17,17,13,13,10,18,15,5,5,5,13.1,13.1,20,20,13,14,11,11,11,11,11,11
Summer,Tuesday,July,13,10,12,1,1,1,1,1,1,1,1,1,1,1,1,1,1,2,2,13,13,14,14,13.1,13.1,25,25,25,3,3,3,7,7,10,10,5,5,5,5,20,20,13,14,10,24,13.1,19,5,5
Summer,Wednesday,July,14,18,19,1,1,1,1,1,1,1,1,1,1,1,1,1,1,2,2,13,13,14,14,10,15,15,15,15,20,15,18,10,13.1,5,5,15,13.1,12,13.1,21,21,12,12,12,13.1,12,13,5,5
Summer,Thursday,July,15,7,10,18,18,1,1,1,1,1,1,1,1,1,1,1,1,1,1,2,2,13,14,16,16,5,16,15,16,3,25,3,13.1,15,15,10,12,17,17,11,20,11,14,10,12,10,12,18,18
Summer,Friday,July,16,7,12,18,1,1,1,1,1,1,1,1,1,1,1,1,1,1,1,2,2,10,13,14,17,10,12,7,12,20,3,3,13,15,10,13.1,13.1,17,17,12,22,22,22,19,19,12,22,22,22
Summer,Saturday,July,17,7,10,1,1,1,1,1,1,1,1,1,1,1,1,1,1,1,1,2,2,13,14,13.1,13.1,25,25,25,25,13,13.1,5,14,13.1,22,22,22,24,24,21,21,13,14,22,22,7,10,10,12
Summer,Sunday,July,18,18,18,1,1,1,1,1,1,1,1,1,1,1,1,1,1,2,2,13,13,10,14,18,13.1,19,19,10,19,13,13.1,5,7,5,5,5,15,21,21,20,22,22,22,22,11,11,10,13.1,13.1
Summer,Monday,July,19,13.1,13.1,10,1,1,1,1,1,1,1,1,1,1,1,1,1,2,2,10,12,13,13,14,14,10,14,17,17,18,18,7,7,5,5,5,5,5,12,20,20,13,14,13.1,13.1,10,12,18,18
Summer,Tuesday,July,20,10,19,1,1,1,1,1,1,1,1,1,1,1,1,1,1,2,2,13,13,14,14,17,17,10,14,10,12,13,13.1,18,18,13.1,13.1,19,19,5,12,10,14,13,14,13.1,13.1,19,19,13,19
Summer,Wednesday,July,21,7,10,1,1,1,1,1,1,1,1,1,1,1,1,1,1,2,2,12,12,13,14,17,17,13.1,25,25,25,10,19,12,19,7,7,5,5,5,5,13.1,18,13,14,18,19,12,13.1,7,7
Summer,Thursday,July,22,15,1,1,1,1,1,1,1,1,1,1,1,1,1,1,1,2,2,13.1,13.1,13,14,11,19,11,11,11,19,3,11,3,13.1,13.1,17,5,5,5,13.1,13,13,13,14,13.1,19,19,19,10,12
Summer,Friday,July,23,12,15,18,1,1,1,1,1,1,1,1,1,1,1,1,1,2,2,25,25,13,14,7,17,5,18,10,10,13,14,5,15,5,5,12,12,13.1,13.1,13.1,18,13,14,12,12,12,12,12,9
Summer,Saturday,July,24,12,12,12,12,5,5,1,1,1,1,1,1,1,1,1,1,2,2,10,17,13,14,13.1,13.1,7,7,12,12,10,18,5,7,5,5,15,15,13.1,13.1,13,13,18,18,12,13.1,13.1,18,13.1,18
Summer,Sunday,July,25,25,25,1,1,1,1,1,1,1,1,1,1,1,1,1,1,2,2,13,14,13.1,13.1,16,16,11,11,11,11,11,11,11,11,11,11,11,11,11,11,16,16,13.1,13.1,11,13.1,13.1,13.1,11,11
Summer,Monday,July,26,18,18,1,1,1,1,1,1,1,1,1,1,1,1,1,1,2,2,13,14,17,17,12,19,10,17,20,10,5,18,7,7,12,15,15,15,15,13.1,20,20,13.1,13.1,12,19,19,19,19,19
Summer,Tuesday,July,27,10,19,1,1,1,1,1,1,1,1,1,1,1,1,1,1,2,2,13.1,13.1,13,14,10,10,19,18,5,5,11,12,11,19,10,19,20,20,5,12,5,10,7,7,12,12,12,18,17,17
Summer,Wednesday,July,28,10,1,1,1,1,1,1,1,1,1,1,1,1,1,1,1,2,2,7,10,13,14,10,19,12,17,5,15,15,13,15,13.1,5,17,5,15,20,13.1,13,14,23,23,11,11,11,11,10,19
Summer,Thursday,July,29,18,1,1,1,1,1,1,1,1,1,1,1,2,2,1,1,10,13.1,13,13,14,17,10,19,3,13,25,25,5,3,3,7,7,17,5,10,20,20,5,13.1,22,22,7,7,5,10,5,5
Summer,Friday,July,30,13,18,1,1,1,1,1,1,1,1,2,2,19,19,1,1,1,1,13,13,14,14,24,24,10,19,3,7,3,5,3,22,22,20,5,12,13.1,13.1,24,24,24,24,7,7,24,24,24,24
Summer,Saturday,July,31,18,1,1,1,1,1,1,1,1,1,1,1,1,1,1,1,2,2,14,14,13,13,14,14,14,14,13,13.1,25,25,7,22,22,22,5,5,10,19,17,17,13,14,5,12,11,11,11,11
Summer,Sunday,August,1,5,18,1,1,1,1,1,1,1,1,1,1,1,1,1,1,2,2,13,14,13.1,13.1,12,19,12,19,10,17,5,5,11,12,11,11,5,10,20,22,22,22,22,22,22,22,12,12,13.1,12
Summer,Monday,August,2,18,18,1,1,1,1,1,1,1,1,1,1,2,2,1,1,1,1,13,13,14,14,17,17,25,25,25,25,18,18,10,13.1,7,5,21,13.1,20,20,13,13.1,10,14,7,19,12,12,12,12
Summer,Tuesday,August,3,12,12,5,12,1,1,1,1,1,1,1,1,1,1,2,2,5,13.1,13,13,14,14,5,10,7,7,8,8,13,13.1,12,19,5,5,5,18,20,20,13,13.1,10,14,18,18,18,18,12,19
Summer,Wednesday,August,4,18,1,1,1,1,1,1,1,1,1,1,1,1,1,1,1,2,2,12,12,12,13,14,14,10,17,18,18,13,13.1,13.1,19,6,12,6,12,13.1,13.1,20,13,23,23,12,12,10,18,17,17
Summer,Thursday,August,5,5,5,1,1,1,1,1,1,1,1,1,1,1,1,1,1,2,2,13,13,14,14,13.1,17,12,19,13,20,3,18,3,12,7,12,5,12,23,23,20,20,13,14,10,19,12,12,12,12
Summer,Friday,August,6,5,12,1,1,1,1,1,1,1,1,1,1,1,1,1,1,2,2,13,14,11,11,25,25,13.1,13.1,16,16,11,11,11,11,11,11,11,11,13.1,13.1,12,12,13,13.1,7,10,10,18,12,19
Summer,Saturday,August,7,12,12,1,1,1,1,1,1,1,1,1,1,1,1,1,1,2,2,13,13,14,14,13.1,13.1,17,17,10,19,13.1,13,5,5,5,13.1,7,13.1,16,16,13,13,13.1,13.1,13.1,13.1,12,19,11,11
Summer,Sunday,August,8,12,18,1,1,1,1,1,1,1,1,1,1,1,1,1,1,2,2,13,13,14,14,13.1,13.1,5,5,16,16,11,11,11,11,11,11,11,16,12,12,5,5,13,14,5,12,10,13.1,18,18
Summer,Monday,August,9,1,1,1,1,1,1,1,1,1,1,1,1,2,2,2,2,2,10,13,14,10,18,7,10,5,19,5,5,13,13.1,13.1,13.1,5,5,5,5,12,13.1,13.1,20,13,14,11,11,13.1,13.1,10,12
Summer,Tuesday,August,10,19,19,19,19,1,1,1,1,1,1,1,1,1,1,1,1,2,2,13,13,14,14,12,13.1,25,16,11,11,18,18,16,16,24,24,23,23,19,19,13.1,13.1,13.1,13.1,13.1,13.1,11,11,11,11
Summer,Wednesday,August,11,19,19,1,1,1,1,1,1,1,1,2,2,19,19,1,1,1,1,2,13.1,19,19,13,14,20,20,10,18,19,19,20,20,20,20,20,20,20,13.1,13,14,17,17,12,12,10,18,10,19
Summer,Thursday,August,12,18,18,1,1,1,1,1,1,1,1,1,1,1,1,1,1,2,2,13,13,14,14,24,24,10,18,5,5,5,5,12,18,10,18,5,5,5,5,13,13.1,12,18,6,12,12,19,12,19
Summer,Friday,August,13,12,12,19,19,1,1,1,1,1,1,1,1,1,1,1,1,2,13.1,12,13,14,14,10,12,10,18,13.1,13,5,12,5,18,5,5,5,5,5,12,13,13.1,10,14,5,10,5,5,11,11
Summer,Saturday,August,14,10,18,1,1,1,1,1,1,1,1,1,1,2,2,14,14,25,25,23,23,23,23,23,23,13.1,13.1,13.1,13.1,13.1,13.1,20,20,13.1,14,12,12,11,22,22,13.1,10,10,12,12,10,12,18,18
Summer,Sunday,August,15,17,1,1,1,1,1,1,1,1,1,1,1,1,1,1,1,2,10,13,13,11,14,10,18,5,5,5,5,5,5,10,19,5,5,11,11,11,11,20,13.1,10,13.1,11,11,11,11,11,11
Summer,Monday,August,16,13.1,1,1,1,1,1,1,1,1,1,1,1,2,12,1,1,1,1,21,2,13,14,25,25,12,18,10,18,24,24,5,12,11,13.1,11,5,11,11,11,5,13.1,14,10,12,10,14,17,17
Summer,Tuesday,August,17,1,1,1,1,1,1,1,1,1,1,1,1,1,1,1,1,2,2,12,13.1,13,14,5,5,5,5,5,13,5,10,5,5,5,10,17,17,20,20,13,14,13.1,13.1,7,7,12,12,5,5
Summer,Wednesday,August,18,5,5,5,1,1,1,1,1,1,1,1,1,1,1,2,2,10,13.1,13,14,18,18,5,5,5,5,20,14,5,10,5,5,5,10,5,19,5,13.1,20,20,13,14,5,12,11,11,11,11
Summer,Thursday,August,19,10,18,1,1,1,1,1,1,1,1,1,1,1,1,1,1,2,2,13,14,13.1,13.1,25,25,5,12,5,10,10,12,5,20,5,5,13.1,20,5,12,11,11,11,11,11,5,11,7,11,11
Summer,Friday,August,20,11,11,18,1,1,1,1,1,1,1,1,1,1,1,1,1,2,2,13,14,13.1,13.1,10,18,6,6,6,13.1,6,13,5,5,5,10,5,5,20,20,12,13.1,13,14,5,12,5,10,7,1
Summer,Saturday,August,21,1,1,1,1,1,1,10,10,1,1,1,1,1,1,1,1,2,2,25,25,13,14,17,17,5,10,10,18,5,5,5,5,7,7,5,5,5,5,13.1,13.1,13,13.1,5,7,11,11,11,11
Summer,Sunday,August,22,11,11,1,1,1,1,1,1,1,1,1,1,1,1,2,2,25,25,21,13.1,13.1,13.1,13.1,13.1,16,16,12,2,5,18,5,5,13.1,13.1,6,6,13.1,13.1,13,13,18,18,10,10,10,13.1,1,1
Summer,Monday,August,23,1,1,1,1,2,2,1,1,1,1,1,1,1,1,1,1,1,1,2,2,13,13,17,17,10,18,10,18,17,17,13,13,13.1,17,7,7,10,12,13.1,13.1,10,18,10,18,10,12,12,11
Summer,Tuesday,August,24,11,11,1,1,1,1,1,1,1,1,1,1,1,1,1,1,2,2,13,14,12,18,19,19,6,14,14,14,13.1,17,12,12,18,18,6,6,6,20,13,13.1,11,11,11,11,11,11,11,11
Summer,Wednesday,August,25,11,18,1,1,1,1,1,1,1,1,1,1,1,1,1,1,2,2,13.1,20,13,14,10,10,10,18,6,6,13.1,13.1,17,17,6,12,10,18,6,25,25,12,13,14,6,10,6,6,6,6
Summer,Thursday,August,26,1,1,1,1,2,2,1,1,1,1,1,1,1,1,2,2,13.1,13.1,13,14,14,14,10,14,7,13.1,18,22,6,10,13,18,6,6,13.1,13.1,6,6,20,20,13,14,6,12,13.1,13.1,11,11
Summer,Friday,August,27,11,18,1,1,1,1,1,1,1,1,1,1,1,1,1,1,2,2,13,14,9,13.1,17,6,10,18,6,6,6,6,22,12,22,13.1,6,6,12,11,11,11,11,14,11,11,12,12,6,12
Summer,Saturday,August,28,10,13,1,1,1,1,1,1,1,1,1,1,1,1,1,1,2,2,13,14,14,14,9,17,25,25,25,12,13.1,13.1,20,11,11,22,11,5,11,11,11,22,11,22,13.1,13.1,12,12,14,14
Summer,Sunday,August,29,10,18,1,1,1,1,1,1,1,1,1,1,1,1,1,1,2,2,13,13,14,14,12,17,10,10,17,17,13.1,13.1,6,12,11,11,11,11,20,20,11,22,11,22,11,13.1,11,18,11,18
Summer,Monday,August,30,11,12,6,6,1,1,1,1,1,1,1,1,1,1,1,1,1,1,2,13.1,13,14,13.1,17,18,18,21,21,10,17,6,22,6,6,16,16,13.1,13.1,13,14,6,13.1,11,11,11,11,11,11
Summer,Tuesday,August,31,11,11,1,1,1,1,1,1,1,1,1,1,1,1,1,1,1,1,2,2,13.1,20,13,14,10,12,6,17,13,14,10,18,25,13.1,6,13.1,11,11,20,14,11,11,11,11,11,11,11,11
Summer,Wednesday,September,1,6,1,1,1,1,1,1,1,1,1,1,1,1,1,1,1,2,2,13.1,13,6,14,17,17,10,10,6,18,13.1,20,6,12,6,21,6,6,13.1,21,12,13.1,13,19,6,17,10,12,12,18
Summer,Thursday,September,2,9,10,1,1,1,1,1,1,1,1,1,1,1,1,1,1,2,12,13.1,20,13,14,12,12,6,10,6,6,13,13.1,10,17,6,6,6,6,22,13.1,20,13.1,7,10,11,11,6,11,6,11
Summer,Friday,September,3,11,11,1,1,1,1,1,1,1,1,1,1,1,1,2,2,13.1,13.1,13,13,6,14,16,16,12,12,12,12,12,12,12,12,12,12,16,13.1,6,17,11,22,13.1,11,11,11,6,11,6,11
Summer,Saturday,September,4,11,1,1,1,1,1,1,1,1,1,1,1,1,1,1,1,1,1,2,13,14,13.1,17,17,10,18,19,19,19,19,13,18,6,10,6,6,20,22,11,22,13.1,14,11,11,11,11,11,13.1
Summer,Sunday,September,5,11,11,9,1,1,1,1,1,1,1,1,1,1,1,1,1,2,2,13.1,13.1,13,14,10,18,5,21,5,10,13.1,13.1,17,18,5,12,5,12,20,22,11,22,11,22,11,14,11,11,11,11
Summer,Monday,September,6,11,11,1,1,1,1,1,1,1,1,1,1,1,1,1,1,1,1,2,2,13,14,13.1,10,17,17,6,10,5,5,5,5,20,13.1,25,25,5,13.1,20,13,6,14,12,12,6,11,11,11
Summer,Tuesday,September,7,11,11,1,1,1,1,1,1,1,1,1,1,1,1,1,1,2,2,13,14,6,13.1,17,17,5,10,20,20,5,5,5,5,5,21,14,14,13.1,13.1,12,13,6,14,6,13.1,11,11,11,11
Summer,Wednesday,September,8,5,1,1,1,1,1,1,1,1,1,1,1,1,1,1,1,2,2,13.1,13,12,14,6,10,12,14,13.1,13.1,13.1,13.1,6,13.1,5,6,13,13,13.1,13.1,16,16,17,17,10,12,12,12,12,12
Summer,Thursday,September,9,18,18,10,1,1,1,1,1,1,1,1,1,1,1,1,1,2,2,13,13.1,14,18,14,14,12,14,14,14,20,13,5,5,5,5,5,13.1,5,20,13.1,14,5,11,5,11,11,11,11,11
Summer,Friday,September,10,11,11,11,11,1,1,1,1,1,1,1,1,1,1,1,1,2,2,13,13.1,14,22,12,18,12,21,10,18,5,10,5,5,6,6,6,11,11,22,11,22,13.1,13.1,11,22,11,22,11,11
Summer,Saturday,September,11,11,11,18,1,1,1,1,1,1,1,1,1,1,1,1,1,2,2,13.1,13.1,13,14,13.1,18,10,10,21,17,13,18,5,12,5,5,10,18,5,13.1,20,20,11,22,11,11,11,11,11,11
Summer,Sunday,September,12,11,11,11,1,1,1,1,1,1,1,1,1,1,1,1,1,2,2,13.1,13.1,13,14,10,12,5,12,5,21,5,5,6,10,5,5,13,13.1,11,22,11,22,11,22,11,13.1,11,6,11,11
Summer,Monday,September,13,11,11,1,1,1,1,1,1,1,1,1,1,1,1,1,1,2,2,13,13.1,14,17,21,6,5,10,5,5,13.1,13,5,5,5,6,6,6,20,20,12,13.1,13.1,13.1,13.1,14,12,14,12,14
Summer,Tuesday,September,14,1,1,1,1,1,1,1,1,1,1,1,1,1,1,1,1,1,1,2,2,12,13.1,25,25,13,19,6,6,6,6,20,20,6,6,5,17,11,13.1,13.1,14,11,11,11,11,11,11,11,11
Summer,Wednesday,September,15,11,18,10,1,1,1,1,1,1,1,1,1,1,1,1,1,2,2,13,14,13.1,13.1,10,17,5,10,6,18,12,12,10,18,6,17,6,23,23,20,5,13.1,5,5,5,13.1,5,12,5,12
Summer,Thursday,September,16,5,18,10,1,1,1,1,1,1,1,1,1,1,1,1,1,2,2,13,13,14,14,5,10,6,12,12,12,5,6,6,7,11,11,11,5,20,13.1,11,11,11,11,11,5,11,5,11,11
Summer,Friday,September,17,11,11,18,1,1,1,1,1,1,1,1,1,1,1,1,1,2,2,13,13,14,14,25,25,16,13.1,11,11,16,16,13.1,13.1,13.1,13.1,12,12,6,7,5,5,5,13,13.1,12,5,12,11,11
Summer,Saturday,September,18,11,11,18,1,1,1,1,1,1,1,1,1,1,1,1,1,1,1,2,2,13,13,12,14,12,12,7,18,5,5,13,13,6,6,13.1,18,5,5,20,20,13.1,13.1,11,11,7,11,11,11
Summer,Sunday,September,19,11,11,11,11,1,1,1,1,1,1,1,1,1,1,1,1,1,1,2,2,13,13,12,14,17,17,6,18,5,10,13.1,13.1,5,5,7,7,6,6,11,11,13.1,13.1,11,10,11,11,11,5
Summer,Monday,September,20,11,11,11,1,1,1,1,1,1,1,1,1,1,1,1,1,2,2,13.1,13.1,12,13.1,13,14,14,5,5,19,5,16,13.1,13.1,5,13.1,5,13.1,16,16,13.1,13.1,6,11,11,11,11,6,11,10
Summer,Tuesday,September,21,18,1,1,1,1,1,1,1,1,1,1,1,1,1,1,1,2,20,13,13,14,17,7,5,5,5,5,5,20,20,13,18,5,5,25,25,6,12,20,13.1,7,7,12,13.1,12,6,12,6
Summer,Wednesday,September,22,6,6,6,6,1,1,1,1,1,1,1,1,1,1,1,1,2,2,13,13.1,14,14,17,17,5,18,10,10,5,13,5,5,6,6,11,11,11,11,6,13,10,18,11,11,11,6,11,7
Summer,Thursday,September,23,11,6,6,18,1,1,1,1,1,1,1,1,1,1,1,1,2,2,19,19,13,13.1,6,14,17,18,6,10,13.1,13.1,6,6,6,6,13.1,13.1,12,12,20,20,13,14,21,21,11,11,11,11
Summer,Friday,September,24,11,11,1,1,1,1,1,1,1,1,1,1,1,1,1,1,1,1,13.1,13,18,18,6,10,10,18,25,25,12,12,12,13.1,13.1,13.1,17,17,22,12,12,13.1,13.1,13.1,12,12,11,11,11,11
Summer,Saturday,September,25,11,11,1,1,1,1,1,1,1,1,1,1,1,1,1,1,2,2,20,20,13,13.1,13.1,17,5,18,10,19,14,14,7,12,5,5,5,11,22,11,22,11,20,13.1,11,11,11,11,11,11
Summer,Sunday,September,26,11,11,1,1,1,1,1,1,1,1,1,1,1,1,1,1,2,2,13.1,13,14,17,13.1,19,5,5,5,5,13.1,13.1,6,11,11,11,11,22,11,22,11,22,11,13,11,11,5,11,5,11
Summer,Monday,September,27,11,11,1,1,1,1,1,1,1,1,2,2,10,13.1,23,23,7,23,13,13,14,14,10,12,25,25,5,5,11,6,13.1,18,11,5,18,13.1,13.1,13.1,13,14,5,13.1,11,11,11,11,11,5
Summer,Tuesday,September,28,11,5,11,1,1,1,1,1,1,1,1,1,2,2,13.1,13.1,1,1,2,13.1,14,14,13,13,17,17,12,12,10,18,5,5,5,5,11,12,13.1,13.1,12,18,10,5,5,5,11,11,11,11
Summer,Wednesday,September,29,11,11,1,1,1,1,1,1,1,1,1,1,1,1,1,1,2,2,6,13.1,13,14,5,18,13.1,13.1,11,16,11,11,11,11,11,11,13.1,16,12,12,12,20,13,13.1,5,5,5,12,11,11
Summer,Thursday,September,30,11,11,1,1,1,1,1,1,1,1,1,1,1,1,1,1,2,2,13,13,14,14,13.1,13.1,18,18,17,17,5,5,5,5,5,5,5,12,20,20,20,13.1,13,14,11,11,11,11,11,11
Autumn,Friday,October,1,11,11,1,1,1,1,1,1,1,1,1,1,2,2,23,23,10,22,13,13,14,14,25,25,12,12,5,12,5,13,5,5,5,12,10,18,12,17,13,13,5,5,11,11,11,12,7,1
Autumn,Saturday,October,2,1,1,1,1,1,1,1,1,1,1,2,2,7,13,16,4,4,4,4,4,4,4,11,4,16,16,13.1,13.1,13.1,13.1,13.1,13.1,13.1,12,13.1,12,16,16,14,14,12,17,11,11,11,11,11,11
Autumn,Sunday,October,3,11,11,11,1,1,1,1,1,1,1,1,1,1,1,2,2,1,1,2,2,10,12,13,13,14,14,12,18,11,17,12,12,14,14,13.1,14,20,20,13,13.1,12,14,11,11,11,11,11,11
Autumn,Monday,October,4,11,11,1,1,1,1,1,1,1,1,1,1,1,1,2,2,13.1,2,13,13,14,13.1,25,25,11,11,11,11,11,11,11,11,11,11,11,11,16,16,13.1,13.1,13.1,13.1,12,13.1,10,18,6,12
Autumn,Tuesday,October,5,1,1,1,1,1,1,1,1,1,1,1,1,1,1,2,2,2,2,13,13,17,14,12,14,18,24,22,22,24,24,6,24,10,18,24,13.1,20,13,24,24,24,24,12,12,6,24,6,24
Autumn,Wednesday,October,6,1,1,1,1,1,1,1,1,1,1,2,2,23,23,23,2,1,1,13,13,24,24,12,14,10,18,17,17,24,24,6,6,24,24,6,24,24,24,13.1,13,18,18,12,24,11,11,11,11
Autumn,Thursday,October,7,11,10,1,1,1,1,1,1,1,1,1,1,1,1,2,1,2,1,1,1,13,13,14,14,12,17,25,25,20,20,17,17,6,13.1,6,12,6,18,13,14,6,13.1,11,11,11,9,9,9
Autumn,Friday,October,8,6,12,1,1,1,1,1,1,1,1,1,1,1,1,2,2,10,22,13,13,14,14,13.1,13.1,6,13.1,10,18,6,13,6,6,16,16,12,12,12,12,16,16,13.1,13.1,12,12,12,18,24,24
Autumn,Saturday,October,9,1,1,1,1,1,1,1,1,1,1,2,2,2,13.1,12,12,12,12,13,13,14,14,13.1,13.1,10,17,13.1,13.1,6,6,12,22,16,21,16,22,13.1,22,13.1,13.1,12,13.1,13,18,12,12,12,12
Autumn,Sunday,October,10,12,12,19,19,1,1,1,1,1,1,1,1,1,1,2,2,13.1,13.1,13,13,14,14,17,17,6,7,10,12,25,25,12,13,16,10,11,22,11,22,11,22,11,11,11,11,11,11,10,11
Autumn,Monday,October,11,10,13,1,1,1,1,1,1,1,1,1,1,1,1,2,13.1,22,13.1,13,13,14,14,12,12,12,18,17,17,13,20,13.1,13.1,6,18,13.1,13.1,13.1,13.1,13,14,6,22,22,22,12,22,11,11
Autumn,Tuesday,October,12,11,11,18,18,1,1,1,1,1,1,1,1,1,1,2,2,1,1,2,2,13,13,14,14,10,17,6,6,20,20,13,14,24,24,12,12,23,23,12,12,13.1,13.1,7,7,10,18,12,17
Autumn,Wednesday,October,13,12,12,24,24,1,1,1,1,1,1,1,1,1,1,2,2,13.1,13.1,18,18,18,18,13,14,13.1,13.1,20,20,14,14,17,17,13.1,13.1,20,13.1,23,20,20,13.1,13.1,18,11,12,11,11,11,11
Autumn,Thursday,October,14,18,1,1,1,1,1,1,1,1,1,2,12,2,12,12,13.1,23,23,13.1,13.1,13,13,14,14,14,14,13.1,13.1,19,19,19,19,19,19,19,19,18,13.1,20,20,13,14,23,13.1,12,18,10,12
Autumn,Friday,October,15,1,1,1,1,1,1,1,1,1,1,1,1,1,1,2,2,13,13,16,16,13.1,13.1,13.1,13.1,13.1,13.1,13.1,13.1,13.1,13.1,16,16,13.1,13.1,13.1,13.1,13.1,13.1,12,16,13.1,13.1,12,13.1,12,12,18,1
Autumn,Saturday,October,16,1,1,1,1,1,1,1,1,1,1,2,13.1,1,1,2,2,12,12,13.1,13.1,19,19,20,20,13,13,10,18,12,17,6,14,6,13.1,13.1,18,7,7,20,20,13,14,13.1,13.1,12,12,10,1
Autumn,Sunday,October,17,1,1,1,1,1,1,1,1,1,1,1,1,2,2,2,12,13.1,13.1,6,19,13,13,14,14,17,18,24,12,13.1,13.1,18,13.1,25,25,13.1,12,13.1,13.1,12,13.1,12,12,13.1,22,22,22,10,18
Autumn,Monday,October,18,19,19,6,6,1,1,1,1,1,1,2,1,2,1,7,10,14,14,12,13.1,13,13.1,14,14,6,18,12,12,10,18,17,13.1,13.1,18,6,13.1,12,11,12,13.1,13.1,13.1,21,21,6,13.1,6,1
Autumn,Tuesday,October,19,1,1,1,1,1,1,1,1,1,2,7,19,12,12,2,13.1,13,1,1,1,6,6,13,13.1,13.1,12,10,17,6,6,13.1,13.1,17,17,10,12,6,6,12,13.1,12,13.1,11,11,11,11,11,11
Autumn,Wednesday,October,20,11,19,1,1,1,1,1,1,1,1,1,1,2,2,2,1,13.1,13.1,12,22,13,13,14,14,6,17,10,19,7,7,12,13.1,6,10,6,10,6,6,13.1,11,11,11,11,11,11,11,11,11
Autumn,Thursday,October,21,11,1,1,1,1,1,1,1,1,1,2,2,1,1,1,1,2,2,13.1,13.1,13,13,14,14,7,7,13.1,13.1,12,13.1,6,10,6,17,12,17,6,20,6,6,6,12,11,11,11,11,11,11
Autumn,Friday,October,22,11,1,1,1,1,1,1,1,1,1,1,1,1,1,1,1,2,2,13.1,13.1,13,13,14,14,12,13.1,14,14,6,10,6,12,6,13.1,6,13.1,12,20,11,11,11,13.1,11,11,11,11,11,11
Autumn,Saturday,October,23,11,10,1,1,1,1,1,1,1,1,1,1,1,1,2,13.1,13,13,14,14,22,13.1,10,17,14,14,12,18,6,12,13.1,13.1,6,13.1,7,7,12,12,11,11,13.1,13.1,6,12,20,13,6,6
Autumn,Sunday,October,24,1,1,1,1,22,11,22,11,10,1,1,1,1,1,1,1,2,1,12,13.1,20,20,13,13,12,14,6,12,7,7,10,18,12,17,6,18,13.1,13,13.1,13.1,6,12,6,12,6,22,12,22
Autumn,Monday,October,25,11,22,11,22,11,22,1,1,1,1,1,1,1,1,1,1,2,2,2,2,13,14,13.1,13.1,20,20,10,18,13,13.1,7,7,6,10,6,6,13.1,13.1,13,13,14,14,6,12,6,6,6,12
Autumn,Tuesday,October,26,1,1,1,1,1,1,1,1,1,1,1,1,1,1,2,2,13.1,13.1,13,13,14,14,10,18,6,17,6,6,13.1,12,12,12,6,6,10,18,17,17,13.1,13.1,6,19,6,12,11,11,6,11
Autumn,Wednesday,October,27,6,18,1,1,1,1,1,1,1,1,1,1,1,1,2,2,13.1,13.1,13,13,14,14,13.1,13.1,12,13.1,10,17,6,18,7,7,10,17,6,6,13.1,11,11,6,11,20,11,11,11,6,11,6
Autumn,Thursday,October,28,12,13.1,18,18,25,25,1,1,1,1,1,1,1,1,2,2,12,13.1,20,20,13,14,13.1,18,13.1,13.1,10,17,6,20,13,18,13.1,17,6,19,6,11,11,13.1,11,11,11,11,11,6,11,6
Autumn,Friday,October,29,6,1,1,1,1,1,1,1,1,1,1,1,2,2,1,1,2,2,13,13,14,14,6,17,6,12,6,20,6,14,6,12,25,25,6,6,6,20,13,13.1,12,13.1,6,6,12,11,11,11
Autumn,Saturday,October,30,6,13,6,18,1,1,1,1,1,1,1,1,2,2,1,1,2,2,13,13,14,14,10,17,6,12,6,18,6,20,6,6,18,18,6,12,13.1,13.1,6,13,6,13.1,6,6,12,12,6,10
Autumn,Sunday,October,31,6,10,6,18,6,1,1,1,2,1,2,1,6,1,1,2,13.1,13.1,13,13,14,14,6,12,6,20,10,12,6,6,6,18,12,16,13.1,13.1,13.1,13.1,13.1,16,6,13.1,6,6,6,12,12,17
Autumn,Monday,November,1,6,6,6,10,1,1,1,1,1,1,6,2,6,7,6,13.1,12,21,13,13,14,6,6,6,19,19,20,20,6,6,21,21,20,13,11,11,6,6,6,6,6,13.1,11,11,11,11,11,11
Autumn,Tuesday,November,2,11,18,1,1,1,1,1,1,1,1,1,1,1,1,1,1,2,2,1,1,2,13.1,14,14,13,13,14,14,14,18,13.1,13.1,13,13,12,13.1,12,13.1,13.1,11,12,13.1,10,19,12,12,11,11
Autumn,Wednesday,November,3,11,11,1,1,1,1,1,1,1,1,1,1,1,1,2,2,12,13.1,13,13,14,14,14,13.1,14,13.1,14,13.1,14,13.1,14,13.1,14,13.1,14,13.1,20,14,13,14,14,13.1,12,17,7,7,11,11
Autumn,Thursday,November,4,12,18,1,1,1,1,1,1,1,1,1,1,1,1,1,1,2,2,14,12,13,13.1,14,14,14,13.1,13.1,13.1,7,13.1,14,14,14,14,14,14,14,14,13.1,13.1,12,12,11,11,11,11,11,11
Autumn,Friday,November,5,1,1,1,1,1,1,1,1,1,1,1,1,1,1,2,2,13.1,13.1,12,25,16,13.1,13.1,16,13.1,18,13.1,13.1,13.1,13.1,13.1,13.1,11,13.1,13.1,20,13.1,20,13.1,13.1,13.1,12,12,13.1,13.1,13.1,12,1
Autumn,Saturday,November,6,1,1,1,1,1,1,1,1,1,1,1,1,2,2,16,13.1,13.1,13.1,16,16,13.1,13.1,13.1,13.1,13.1,13.1,13.1,13.1,13.1,13.1,13.1,13.1,13.1,13.1,16,16,13.1,18,12,7,12,7,11,11,11,11,11,11
Autumn,Sunday,November,7,11,1,22,1,22,11,11,1,1,1,1,1,1,1,1,1,13.1,13.1,16,16,13.1,13.1,13.1,13.1,12,18,13.1,13.1,13.1,13.1,13.1,13.1,12,13.1,13.1,13.1,13.1,13.1,16,13.1,13.1,11,11,11,11,11,11,11
Autumn,Monday,November,8,11,11,22,11,22,11,11,1,1,1,1,1,1,1,1,1,1,1,2,2,14,14,13,13,14,14,13.1,13,13.1,19,25,25,10,12,10,13.1,13.1,18,20,13,6,14,6,6,11,11,11,11
Autumn,Tuesday,November,9,11,11,1,1,1,1,1,1,1,1,1,1,1,1,1,1,2,2,13.1,13.1,13,13,14,14,13.1,13.1,12,13.1,23,23,20,20,13.1,13.1,13.1,19,13,13,14,14,13.1,13.1,6,18,6,12,10,1
Autumn,Wednesday,November,10,1,1,1,1,1,1,1,1,1,1,1,1,1,1,1,1,2,2,13.1,13.1,13,14,10,12,6,12,11,11,6,13.1,11,11,11,6,11,6,11,11,11,13.1,20,13,14,11,11,11,11,11
Autumn,Thursday,November,11,11,11,11,11,1,1,1,1,1,1,1,1,1,1,1,1,1,1,2,2,13.1,13,25,25,16,13.1,11,11,16,13.1,13.1,18,13.1,18,13.1,18,12,13.1,20,13.1,19,19,12,17,6,12,11,11
Autumn,Friday,November,12,11,11,11,1,1,1,1,1,1,1,1,1,1,1,1,1,2,2,13.1,13.1,13,13,14,14,12,17,6,18,7,7,10,12,11,11,11,11,20,13,14,11,11,11,11,11,11,11,11,11
Autumn,Saturday,November,13,11,11,11,11,1,1,1,1,1,1,1,1,1,1,1,1,2,2,13.1,13.1,13,13,14,14,17,17,6,18,6,12,13.1,13.1,13.1,13.1,13.1,20,13.1,13,12,12,12,11,11,11,11,11,11,11
Autumn,Sunday,November,14,11,11,11,22,11,22,1,1,1,1,1,1,1,1,1,1,2,2,13,14,25,25,16,11,16,16,11,11,11,11,11,16,13.1,13.1,13.1,13.1,13.1,11,11,11,13.1,22,11,11,11,22,11,22
Autumn,Monday,November,15,11,11,18,1,1,1,1,1,1,1,1,1,1,1,1,1,2,13.1,12,12,12,13.1,13.1,14,20,20,13.1,13.1,13.1,13.1,13.1,20,13.1,13.1,13.1,13.1,13.1,13.1,13.1,13.1,13.1,13,13.1,13.1,14,14,12,12
Autumn,Tuesday,November,16,1,1,1,1,1,1,16,16,16,16,16,16,16,16,16,16,16,16,16,13.1,16,13.1,16,13.1,16,13.1,1,1,1,1,13.1,13.1,16,13.1,16,13.1,13.1,13.1,16,16,16,16,16,16,16,16,16,16
Autumn,Wednesday,November,17,16,16,16,1,16,1,16,16,1,1,1,1,2,2,1,1,2,13,16,19,19,19,19,19,3,19,3,19,7,19,11,11,11,11,11,11,16,13.1,13.1,13.1,14,14,7,12,11,11,11,11
Autumn,Thursday,November,18,11,1,1,1,1,1,1,1,1,1,1,1,2,13,16,19,6,19,3,19,3,19,3,13,3,19,3,19,3,19,16,16,13.1,13.1,13.1,14,13.1,20,13.1,13,7,18,12,17,11,11,11,11
Autumn,Friday,November,19,1,1,1,1,1,1,1,1,1,1,1,1,2,13,16,19,11,11,3,19,3,19,3,13,3,7,3,7,3,7,16,16,12,16,13.1,13.1,16,13.1,20,11,11,11,11,11,11,11,12,1
Autumn,Saturday,November,20,1,1,1,1,1,1,1,1,1,1,1,1,1,1,1,1,2,2,12,13.1,13,13,14,14,17,17,10,19,20,20,13,13.1,13.1,14,12,18,13.1,13.1,20,11,11,22,11,11,11,11,11,11
Autumn,Sunday,November,21,11,1,1,1,1,1,1,1,1,1,12,1,1,1,1,1,2,10,11,13,14,14,13.1,17,13.1,13.1,10,18,20,13,14,14,7,7,17,19,6,12,12,22,11,22,11,22,11,11,11,11
Autumn,Monday,November,22,18,1,1,1,1,1,1,1,1,1,1,1,1,1,1,1,2,10,13,13,14,14,13.1,13.1,13.1,18,13.1,18,13.1,18,13.1,18,16,16,10,13.1,20,20,13,14,6,12,6,12,6,11,11,11
Autumn,Tuesday,November,23,11,11,18,1,1,1,1,1,1,1,1,1,1,1,2,2,13,14,14,13.1,10,17,10,13.1,20,13,6,16,13.1,13,13.1,13.1,13.1,19,13.1,18,13.1,14,13.1,13.1,13.1,13,12,12,12,12,9,13.1
Autumn,Wednesday,November,24,13.1,1,1,1,1,1,1,1,1,1,1,1,1,1,2,2,13.1,13.1,13,13,14,14,13.1,13.1,13.1,13.1,13.1,16,14,14,19,19,6,13.1,13.1,16,13.1,13,13.1,13,16,13.1,6,19,6,12,6,6
Autumn,Thursday,November,25,1,1,1,1,1,1,1,1,1,1,1,1,2,2,6,2,13.1,13.1,13,13,14,14,17,17,6,19,25,16,11,11,11,11,11,11,11,16,13.1,13.1,13.1,13.1,6,12,11,11,11,11,11,11
Autumn,Friday,November,26,1,1,1,1,1,1,1,1,2,12,1,1,2,2,2,10,13.1,13.1,13,13,14,14,17,17,13.1,13.1,20,13,18,18,10,19,17,17,6,10,6,20,13,14,13.1,13.1,6,12,6,17,6,6
Autumn,Saturday,November,27,1,1,1,1,2,10,1,1,2,17,1,1,1,1,2,2,10,17,13,13,14,14,13.1,13.1,6,10,6,22,20,20,13,14,6,6,6,10,20,20,13,13.1,6,12,11,11,11,11,11,18
Autumn,Sunday,November,28,6,1,1,1,1,1,1,1,1,1,1,1,1,1,2,2,13.1,13.1,13,13,14,14,13.1,13.1,10,10,6,14,13,13.1,17,17,6,6,6,6,20,14,6,13,11,12,11,11,11,11,13,18
Autumn,Monday,November,29,6,1,1,1,1,1,1,1,1,1,1,1,1,1,2,2,20,20,13,13,14,14,13.1,17,6,12,6,6,6,6,6,6,6,19,13.1,6,6,13,19,13.1,6,12,12,17,6,12,11,11
Autumn,Tuesday,November,30,11,11,1,1,1,1,1,1,1,1,1,1,1,1,2,2,10,12,13,13,14,14,13.1,6,6,6,6,19,6,20,13.1,13.1,6,6,6,6,11,11,6,6,11,7,11,11,11,11,11,11
Winter,Wednesday,December,1,11,11,11,11,1,1,1,1,1,1,1,1,1,1,1,1,2,12,13,12,14,14,10,17,6,10,6,7,6,6,6,13.1,6,6,6,13.1,6,13.1,6,13.1,13.1,13.1,13.1,12,11,11,11,6
Winter,Thursday,December,2,1,1,1,1,1,1,1,1,1,1,1,1,1,1,1,1,2,12,13,13,14,14,13.1,25,16,16,11,11,11,11,11,11,10,10,13.1,13.1,12,13.1,11,11,11,11,11,11,11,18,11,18
Winter,Friday,December,3,11,11,1,1,1,1,1,1,1,1,1,1,1,1,1,1,2,13.1,12,12,17,17,13,14,19,19,13,13.1,7,7,13.1,13.1,19,19,11,12,22,13.1,22,22,13,14,12,19,12,12,11,11
Winter,Saturday,December,4,11,11,11,18,1,1,1,1,1,1,1,1,1,1,2,2,13.1,13.1,16,13.1,16,13.1,13.1,13.1,12,13,19,19,19,19,16,11,7,12,7,12,7,12,13.1,13.1,11,22,11,11,11,22,11,11
Winter,Sunday,December,5,11,11,11,1,1,1,1,1,1,1,1,1,1,1,1,1,2,2,13,13,14,14,12,12,19,19,19,19,19,19,13.1,13.1,19,19,7,12,7,14,11,11,11,13.1,11,11,11,11,11,22
Winter,Monday,December,6,11,22,11,22,11,13,1,1,1,1,1,1,1,1,1,1,2,2,13.1,13.1,12,12,13,13,19,14,19,19,19,19,7,7,7,19,13.1,13.1,12,12,19,19,10,10,12,12,7,7,7,18
Winter,Tuesday,December,7,18,1,1,1,1,1,1,1,1,1,1,1,1,1,2,2,10,10,13.1,17,10,19,13,13,14,14,14,14,22,18,7,19,19,19,10,17,18,18,10,17,11,11,11,11,11,11,11,11
Winter,Wednesday,December,8,11,11,1,1,1,1,1,1,1,1,1,1,1,1,1,1,2,12,10,10,13,13,14,14,17,17,14,14,12,14,19,19,10,10,13.1,13.1,25,13,11,11,11,11,11,11,11,11,11,11
Winter,Thursday,December,9,11,18,1,1,1,1,1,1,1,1,1,1,1,1,1,1,2,12,13.1,13.1,9,9,14,14,13,14,10,12,19,19,12,18,16,16,13.1,13.1,13.1,13.1,13.1,10,13.1,13.1,14,14,7,12,11,11
Winter,Friday,December,10,1,1,1,1,1,1,1,1,1,1,1,1,2,25,16,16,16,16,16,13.1,16,13.1,16,13,16,13.1,16,13.1,16,13.1,16,21,16,13.1,16,13.1,16,13,16,13.1,16,13.1,10,7,1,1,1,1
Winter,Saturday,December,11,1,1,1,1,1,1,1,1,1,1,1,1,1,1,1,1,2,2,13.1,13.1,10,10,13,13,14,14,16,13.1,13.1,13.1,16,13.1,22,22,13.1,13.1,13.1,22,22,22,12,12,7,7,7,13.1,11,11
Winter,Sunday,December,12,7,1,1,1,1,1,1,1,2,2,1,1,1,1,1,1,2,10,10,13.1,7,14,13,13,14,14,13.1,13.1,13.1,13.1,25,25,16,11,11,20,11,20,11,22,11,22,11,11,12,12,12,22
Winter,Monday,December,13,1,1,1,1,1,1,1,1,1,1,1,1,1,1,2,2,10,12,12,13.1,17,17,13,13,14,14,18,18,13.1,13.1,19,19,19,19,7,7,20,20,12,11,11,11,11,7,11,11,11,9
Winter,Tuesday,December,14,1,1,1,1,1,1,1,1,1,1,2,25,1,1,1,1,13.1,13.1,17,17,12,18,13,13,14,14,12,7,19,7,18,18,19,19,19,11,11,11,11,13.1,11,11,11,13.1,11,11,11,11
Winter,Wednesday,December,15,11,1,1,1,1,1,1,1,1,1,1,1,1,1,2,12,13.1,13.1,13,13,14,14,16,16,25,25,18,18,13.1,13.1,12,17,19,19,19,25,25,13.1,13.1,13,12,19,12,11,11,11,11,11
Winter,Thursday,December,16,11,24,24,24,24,24,24,1,1,1,1,1,1,1,2,2,10,12,10,18,13,13,14,14,13.1,13.1,18,18,19,19,24,24,24,24,13.1,13.1,13,24,12,19,7,19,12,11,11,11,11,11
Winter,Friday,December,17,11,18,1,1,1,1,1,1,1,1,1,1,1,1,1,1,2,2,10,10,10,12,13,13,14,14,12,18,6,6,6,6,10,17,20,20,13,13,6,6,12,12,7,7,19,11,11,11
Winter,Saturday,December,18,11,11,11,1,1,1,1,1,1,1,2,1,1,1,1,1,2,12,10,19,13.1,13.1,17,17,25,25,6,19,13,13.1,12,19,19,19,10,17,6,6,6,13,6,14,6,7,11,11,11,11
Winter,Sunday,December,19,11,11,11,19,1,1,1,1,2,2,1,1,2,2,1,1,2,10,13.1,13.1,12,13,14,14,13.1,13.1,17,17,19,19,7,7,19,19,10,18,6,6,6,10,6,7,11,6,11,11,11,11
Winter,Monday,December,20,11,11,11,11,1,1,1,1,1,1,1,1,1,1,1,1,2,2,12,13.1,13,13,14,14,6,6,6,6,6,13.1,6,13,6,7,6,6,6,13,6,6,6,6,13.1,12,5,5,11,11
Winter,Tuesday,December,21,11,19,1,1,1,1,1,1,1,1,2,2,1,1,1,1,2,2,13,13,14,14,13.1,13.1,19,19,19,19,19,19,13.1,6,25,25,6,6,6,12,13.1,13.1,13,14,17,13.1,6,10,11,17
Winter,Wednesday,December,22,11,6,1,1,1,1,1,1,1,1,1,1,1,1,1,1,2,2,13,13,14,14,13.1,13.1,25,25,6,6,6,6,6,13,13.1,17,21,21,13,13,14,14,6,12,15,15,15,12,15,15
Winter,Thursday,December,23,15,1,1,1,1,1,1,1,1,1,1,1,1,1,2,2,15,15,15,13,14,16,13.1,13.1,6,6,6,13,6,6,6,13.1,16,25,15,12,13.1,13,14,6,12,12,6,6,11,6,11,11
Winter,Friday,December,24,6,1,1,1,1,1,1,1,1,1,1,1,1,1,2,2,10,13.1,13,14,25,25,16,16,16,16,16,13.1,6,13.1,6,13.1,6,13.1,13.1,13,13.1,16,6,6,6,12,19,19,18,18,7,7
Winter,Saturday,December,25,1,1,1,1,1,1,1,1,2,19,6,19,13.1,1,1,1,1,1,2,13.1,18,18,16,23,23,23,23,23,13.1,16,6,18,25,25,6,6,6,6,13,13,13.1,6,11,11,11,11,11,11
Winter,Sunday,December,26,11,6,1,1,1,1,1,1,2,1,1,1,1,1,1,1,2,2,13,13,14,14,17,17,7,7,13.1,13.1,10,13,6,6,6,6,6,6,6,12,13,13,14,14,13.1,6,11,11,11,11
Winter,Monday,December,27,6,7,22,22,1,1,1,1,1,1,1,1,1,1,2,2,10,13.1,13,13,14,14,19,19,16,13.1,6,6,6,6,6,16,13.1,13.1,6,6,6,6,13.1,13,14,14,6,7,7,18,6,19
Winter,Tuesday,December,28,6,1,1,1,1,1,1,1,1,1,1,1,1,1,1,1,2,2,13,13,14,14,16,13.1,6,6,6,6,21,21,6,13,6,13.1,16,16,13.1,13.1,13,13,14,14,12,18,6,10,7,11
Winter,Wednesday,December,29,7,11,7,11,1,1,1,1,1,1,1,1,1,1,1,1,2,2,13,13,14,14,13.1,13.1,11,6,11,6,11,6,11,6,11,13.1,13.1,13.1,6,10,6,6,6,12,6,10,11,11,11,11
Winter,Thursday,December,30,7,11,1,1,1,1,1,1,1,1,1,1,1,1,2,2,2,10,6,10,13,13,14,14,6,10,6,6,19,19,19,19,6,10,6,13.1,13.1,13.1,13,14,6,7,6,12,7,7,12,12
Winter,Friday,December,31,6,7,1,1,1,1,1,1,1,1,1,1,1,1,1,1,2,2,13,13,14,14,17,17,13.1,13.1,18,18,20,13,10,12,6,6,6,6,13,13.1,18,18,17,6,6,7,6,12,12,12
